NaN,NaN,156.6826171875,30.39569854736328,4.578682899475098,2007.0,2599.0
0.6831737160682678,0.05562978610396385,61.01118087768555,33.83069610595703,2.9681825637817383,6.0,38.0
0.3022534251213074,0.18582507967948914,92.92259216308594,22.70810890197754,4.347371578216553,5.0,37.0
0.5056412220001221,0.2523650825023651,44.620216369628906,24.31925392150879,3.49215030670166,5.0,30.0
0.7236626744270325,0.1773691326379776,84.7304916381836,25.57061767578125,5.144080638885498,7.0,32.0
0.4852274954319,0.23081262409687042,102.44039916992188,19.624526977539062,3.6606059074401855,2.0,20.0
0.7021849751472473,0.011005300097167492,90.22946166992188,26.085187911987305,3.02797269821167,6.0,9.0
0.8130856156349182,0.042320918291807175,80.08123779296875,32.197547912597656,4.55978536605835,7.0,14.0
0.6853657364845276,0.06129048019647598,77.79934692382812,28.65156364440918,3.0164544582366943,7.0,20.0
0.8335557579994202,0.020646849647164345,61.5858039855957,31.808366775512695,4.92236328125,5.0,45.0
0.5269933342933655,0.22358377277851105,68.93869018554688,32.944095611572266,4.529293060302734,7.0,32.0
0.6880196928977966,0.01684216409921646,111.79438018798828,14.466184616088867,3.026625871658325,2.0,13.0
0.43320998549461365,0.22884300351142883,74.86202239990234,28.873140335083008,3.7831168174743652,6.0,18.0
0.7837204933166504,0.1169920265674591,53.786468505859375,17.379945755004883,5.228736877441406,5.0,19.0
0.8142722249031067,0.04414019361138344,27.782207489013672,14.455836296081543,4.477456092834473,5.0,18.0
0.6981469988822937,1.726334885461256E-4,27.2137393951416,12.059804916381836,3.0001533031463623,5.0,13.0
0.6046202778816223,0.18338064849376678,105.98558807373047,14.839242935180664,2.7324957847595215,1.0,26.0
0.698039174079895,4.5674529974348843E-4,67.67984771728516,37.053340911865234,3.0000858306884766,3.0,37.0
0.7620778679847717,0.13901874423027039,94.4022445678711,24.861373901367188,3.7481653690338135,1.0,34.0
0.69805508852005,9.134905994869769E-4,33.770320892333984,23.913705825805664,2.999019145965576,3.0,26.0
0.6812005639076233,0.11783269792795181,76.69627380371094,27.68427276611328,2.948376417160034,5.0,26.0
0.7808089852333069,0.10812535881996155,27.348352432250977,8.632986068725586,4.01331901550293,3.0,29.0
0.7904906868934631,0.08089569211006165,58.1941032409668,36.58317565917969,4.3166351318359375,9.0,47.0
0.6984961628913879,9.765625E-4,76.51310729980469,29.931049346923828,3.0019524097442627,6.0,22.0
0.8112316727638245,0.12966234982013702,109.49195098876953,16.174917221069336,5.150485038757324,2.0,18.0
0.6981320977210999,4.2286395910196006E-4,111.32667541503906,11.331734657287598,3.0000014305114746,1.0,23.0
0.6981315016746521,3.8602022686973214E-4,105.37617492675781,17.83110237121582,2.999999523162842,2.0,24.0
0.7249494194984436,0.048798818141222,140.6202392578125,3.4983255863189697,3.2538020610809326,22.0,37.0
0.7857046723365784,0.0884426161646843,88.64383697509766,19.884788513183594,4.020606517791748,2.0,31.0
0.6981313824653625,0.0,83.41058349609375,32.118980407714844,3.0000007152557373,4.0,42.0
0.6981316208839417,3.8602022686973214E-4,118.22122192382812,11.660061836242676,2.9999988079071045,2.0,27.0
0.8351746201515198,0.01589728519320488,61.139869689941406,34.177589416503906,4.9021759033203125,6.0,52.0
0.7148552536964417,0.10703498870134354,67.30441284179688,36.307411193847656,4.070362091064453,6.0,30.0
0.8186007142066956,0.0416615791618824,107.82102966308594,13.279632568359375,4.574709415435791,2.0,40.0
0.6981312036514282,6.905339541845024E-4,145.228271484375,5.4439616203308105,2.9999985694885254,10.0,17.0
0.6621091961860657,0.10781179368495941,76.56786346435547,23.797229766845703,3.229100465774536,5.0,16.0
0.6981315612792969,3.452669770922512E-4,75.43852996826172,26.111623764038086,3.0,4.0,30.0
0.8374550938606262,0.0012685918482020497,77.07614135742188,17.00035858154297,4.993106842041016,1.0,37.0
0.7477324604988098,0.11398203670978546,73.54627990722656,32.82339859008789,4.412744522094727,4.0,42.0
0.604866087436676,0.22046317160129547,68.5860824584961,31.1130428314209,4.225164890289307,6.0,42.0
0.8395515084266663,0.04068880155682564,69.36084747314453,34.90268325805664,5.055517196655273,6.0,44.0
0.7626774907112122,0.060507483780384064,48.02730178833008,12.739789962768555,3.676441192626953,4.0,11.0
0.7489758133888245,0.11874373257160187,149.4020233154297,5.185616970062256,4.616625785827637,16.0,33.0
0.6959357261657715,0.013508501462638378,44.18483352661133,39.44882583618164,2.88810396194458,4.0,27.0
0.8373245596885681,0.0016914558364078403,41.23931121826172,9.550025939941406,4.990110397338867,4.0,35.0
0.6981311440467834,0.0,53.799720764160156,29.595136642456055,3.000000476837158,3.0,38.0
0.6974571347236633,0.008400708436965942,62.27253723144531,38.13172149658203,2.9718878269195557,7.0,32.0
0.8092251420021057,0.06127491965889931,39.76890563964844,21.853363037109375,4.9036784172058105,4.0,17.0
0.7549822926521301,0.1139904037117958,67.20645904541016,29.53895378112793,4.16941499710083,5.0,41.0
0.8298813104629517,0.030822694301605225,77.4053955078125,30.355567932128906,4.867962837219238,7.0,36.0
0.6981317400932312,3.8602022686973214E-4,48.924739837646484,29.38404083251953,3.0,5.0,24.0
0.7440727353096008,0.08695245534181595,73.71643829345703,28.6331787109375,3.424036741256714,5.0,35.0
0.6534619927406311,0.12193351984024048,42.92501449584961,24.385395050048828,3.1017613410949707,4.0,17.0
0.8336978554725647,0.010517899878323078,102.77518463134766,21.223121643066406,4.903488636016846,2.0,16.0
0.6193957924842834,0.15431851148605347,25.67513656616211,16.129898071289062,5.506298542022705,4.0,16.0
0.6540861129760742,0.1740766316652298,63.843624114990234,33.16666793823242,4.382467746734619,12.0,32.0
0.698131799697876,2.44140625E-4,86.33918762207031,25.73716926574707,3.000000476837158,6.0,49.0
0.6974771022796631,0.0034612908493727446,107.9910888671875,14.409334182739258,3.0023956298828125,2.0,13.0
0.6920946836471558,0.047004520893096924,71.82950592041016,30.509428024291992,3.0101072788238525,7.0,27.0
0.6981315016746521,4.2286395910196006E-4,57.15593719482422,25.72840690612793,3.000000476837158,4.0,33.0
0.7479627728462219,0.17493557929992676,55.76426315307617,41.21062088012695,3.9698710441589355,5.0,14.0
0.8068256378173828,0.05491916090250015,81.33815002441406,28.82115936279297,4.419245719909668,5.0,40.0
0.6981311440467834,4.2286395910196006E-4,52.18922424316406,32.3704948425293,3.0000007152557373,5.0,19.0
0.7845373153686523,0.11805884540081024,72.73676300048828,32.132240295410156,5.146058559417725,5.0,18.0
0.6980889439582825,3.8602022686973214E-4,106.57219696044922,22.060352325439453,2.9994046688079834,3.0,11.0
0.7628344893455505,0.0631059855222702,78.97443389892578,26.982126235961914,3.977839708328247,1.0,26.0
0.5514937043190002,0.20862813293933868,63.46599197387695,34.73158645629883,3.367482900619507,6.0,38.0
0.6981316804885864,3.452669770922512E-4,98.22842407226562,23.060001373291016,2.999999523162842,2.0,14.0
0.5204094052314758,0.17737987637519836,77.92581176757812,30.273405075073242,4.057459831237793,8.0,26.0
0.6957016587257385,0.01215810514986515,45.403358459472656,30.123403549194336,3.0027520656585693,5.0,19.0
0.6733484864234924,0.08055900782346725,43.89804458618164,20.093828201293945,3.058354616165161,3.0,28.0
0.8377580046653748,3.452669770922512E-4,93.47193908691406,26.247264862060547,5.000000476837158,6.0,33.0
0.6242709159851074,0.15941905975341797,98.84144592285156,20.01647186279297,3.2262797355651855,1.0,26.0
0.7200329899787903,0.04748142883181572,62.47945785522461,37.380741119384766,3.224353313446045,6.0,27.0
0.6981311440467834,4.8828125E-4,69.37715911865234,33.42890548706055,3.0000009536743164,6.0,28.0
0.833543598651886,0.016046559438109398,105.5283432006836,17.318872451782227,5.010621547698975,3.0,14.0
0.6981316208839417,4.2286395910196006E-4,19.406431198120117,8.136250495910645,3.0,3.0,15.0
0.8155592083930969,0.047310397028923035,114.84883117675781,15.380906105041504,4.501707077026367,4.0,14.0
0.8065789341926575,0.053879354149103165,106.93508911132812,21.150686264038086,4.293654441833496,2.0,13.0
0.8353963494300842,0.007627197075635195,39.90486526489258,25.08475685119629,4.951528072357178,10.0,10.0
0.8377581834793091,3.452669770922512E-4,109.1025619506836,15.85462474822998,5.0,1.0,26.0
0.837757408618927,4.8828125E-4,115.52806854248047,13.8562650680542,5.000000476837158,2.0,17.0
0.7153725028038025,0.04347485676407814,50.92388153076172,32.466827392578125,3.298816680908203,2.0,29.0
0.6981313228607178,3.452669770922512E-4,64.42607879638672,35.17790222167969,3.000000238418579,6.0,28.0
0.8301597833633423,0.03496755287051201,73.42185974121094,29.854522705078125,4.812143325805664,5.0,46.0
0.6714901924133301,0.08851166814565659,65.56185913085938,32.381656646728516,3.073119640350342,9.0,32.0
0.8225609064102173,0.038787636905908585,76.8456802368164,27.85447120666504,4.630980491638184,6.0,34.0
0.7079549431800842,0.02263013646006584,61.028343200683594,21.957094192504883,3.0509908199310303,3.0,28.0
0.6854806542396545,0.18997089564800262,98.84166717529297,18.769807815551758,3.728520393371582,1.0,25.0
0.649276614189148,0.16207756102085114,66.54662322998047,32.88065719604492,3.303589105606079,5.0,53.0
0.7600493431091309,0.07874888181686401,59.00142288208008,31.986324310302734,3.744062662124634,6.0,48.0
0.47208738327026367,0.21446363627910614,68.70503997802734,31.61490821838379,4.45330810546875,4.0,75.0
0.8377576470375061,0.0,110.74744415283203,11.782949447631836,4.999999046325684,3.0,18.0
0.8377582430839539,3.452669770922512E-4,70.89103698730469,21.279449462890625,5.0,4.0,25.0
0.5971856713294983,0.24469467997550964,52.93943405151367,22.872583389282227,4.121009349822998,3.0,21.0
0.698080837726593,0.0,111.61572265625,13.797750473022461,3.000263214111328,1.0,23.0
0.6734431385993958,0.10027257353067398,68.39227294921875,29.416568756103516,3.0605900287628174,3.0,39.0
0.7134665846824646,0.15570029616355896,73.13947296142578,34.828800201416016,3.9409070014953613,4.0,31.0
0.5447118878364563,0.20592592656612396,73.9225082397461,31.800310134887695,3.457892656326294,8.0,21.0
4.3499674797058105,0.049883611500263214,113.59634399414062,10.821211814880371,5.802253723144531,1.0,67.0
6.220743179321289,0.2662436068058014,124.38294982910156,10.358184814453125,20.651470184326172,3.0,37.0
4.36081075668335,0.01774013787508011,97.3286361694336,9.467047691345215,11.530845642089844,4.0,31.0
4.319461822509766,0.08102526515722275,125.49989318847656,3.4269726276397705,2.8667869567871094,1.0,63.0
4.357339859008789,0.051115840673446655,97.91795349121094,11.601034164428711,4.736227512359619,3.0,48.0
6.261719226837158,0.154361754655838,116.14653778076172,8.454150199890137,16.913883209228516,2.0,37.0
4.373255252838135,0.019077368080615997,92.50837707519531,2.0660481452941895,10.706781387329102,2.0,13.0
4.355731964111328,0.019870107993483543,95.62633514404297,2.6617588996887207,9.946104049682617,2.0,26.0
4.349554061889648,0.03213024139404297,109.74076843261719,9.940153121948242,6.0291218757629395,5.0,8.0
4.36842679977417,0.016583601012825966,118.5433349609375,7.915693283081055,10.931689262390137,1.0,34.0
4.336593151092529,0.018580369651317596,113.1014404296875,9.06982421875,7.055264949798584,1.0,31.0
4.361209869384766,0.01746928133070469,120.23420715332031,7.609551429748535,11.365547180175781,1.0,21.0
4.340925693511963,0.06931444257497787,102.97638702392578,15.321266174316406,4.1608734130859375,3.0,32.0
6.093409061431885,0.03798564523458481,127.5580062866211,7.592720985412598,35.5000114440918,4.0,69.0
4.354067802429199,0.01708286628127098,120.44990539550781,8.570992469787598,15.035334587097168,1.0,59.0
4.348017692565918,0.01069770660251379,84.42231750488281,14.358465194702148,19.49325942993164,3.0,48.0
NaN,NaN,103.21749877929688,17.20388412475586,1.4995759725570679,5.0,61.0
6.174898624420166,0.0786542147397995,124.11515045166016,10.383420944213867,26.713459014892578,5.0,46.0
2.785137176513672,0.03167436644434929,113.61669921875,7.927158832550049,21.54390525817871,3.0,26.0
NaN,NaN,150.62904357910156,3.070143461227417,4.770669937133789,128.0,218.0
5.210885524749756,0.42093580961227417,100.9891586303711,17.99753189086914,2.5125951766967773,4.0,38.0
2.744197130203247,0.06990441679954529,109.76837921142578,9.82617473602295,25.83220672607422,6.0,35.0
1.8380794525146484,0.6815736293792725,142.52899169921875,2.631316900253296,4.495193958282471,47.0,213.0
5.362154960632324,0.6134534478187561,90.75731658935547,21.49915885925293,2.4410619735717773,3.0,24.0
2.732009172439575,0.04626062139868736,108.44629669189453,9.45667552947998,24.736373901367188,3.0,26.0
6.16266393661499,0.04401036724448204,127.28263854980469,9.188775062561035,33.40630340576172,5.0,35.0
6.225240230560303,0.07073845714330673,128.7537841796875,8.597101211547852,29.520626068115234,4.0,30.0
2.780871629714966,0.10595590621232986,116.20646667480469,7.916618824005127,14.765334129333496,4.0,22.0
4.342370986938477,0.00632884819060564,77.49382781982422,4.447940826416016,20.407175064086914,3.0,19.0
6.053177833557129,0.7293411493301392,120.86636352539062,12.13771915435791,2.288998603820801,2.0,53.0
4.342190265655518,0.004326182883232832,84.07856750488281,3.225266456604004,20.397533416748047,3.0,12.0
4.340999603271484,0.021157288923859596,110.61425018310547,15.057992935180664,13.02787971496582,1.0,30.0
4.345390796661377,0.02716880477964878,100.93087005615234,13.150569915771484,21.85907554626465,2.0,83.0
5.512339115142822,0.7373777627944946,84.67752838134766,12.119380950927734,2.4460818767547607,3.0,36.0
2.6066277027130127,0.03654614835977554,119.60885620117188,5.465177536010742,13.357134819030762,3.0,23.0
2.6713407039642334,0.026484476402401924,107.25946044921875,9.048480987548828,18.803743362426758,4.0,33.0
4.350719928741455,0.017750214785337448,93.70035552978516,17.439319610595703,14.443376541137695,1.0,37.0
0.13834045827388763,0.06404829025268555,141.32882690429688,5.518965721130371,20.0955810546875,1.0,34.0
2.6281886100769043,0.022933630272746086,113.4719009399414,7.553132057189941,14.344482421875,3.0,20.0
6.225445747375488,0.05209757387638092,126.7938461303711,8.585905075073242,30.78560447692871,2.0,21.0
5.374569416046143,0.756259560585022,103.74256896972656,17.34583282470703,3.536120653152466,5.0,55.0
4.316150665283203,0.044981542974710464,105.43727111816406,15.381064414978027,17.065549850463867,2.0,62.0
2.5708730220794678,0.055723994970321655,115.18070983886719,7.174921035766602,10.25403118133545,3.0,40.0
2.6251866817474365,0.036487385630607605,113.52569580078125,8.626641273498535,14.259117126464844,3.0,43.0
0.03294476494193077,0.5808454155921936,114.20713806152344,15.660117149353027,4.069655895233154,4.0,23.0
0.021712152287364006,0.13102689385414124,132.5684356689453,8.557137489318848,26.530723571777344,3.0,42.0
2.506619930267334,0.17303216457366943,111.83399963378906,9.71317195892334,10.380234718322754,5.0,73.0
2.524240016937256,0.060258734971284866,118.38102722167969,5.536367893218994,7.8656392097473145,2.0,39.0
0.41616758704185486,0.17467370629310608,121.81664276123047,12.659104347229004,5.8986406326293945,6.0,39.0
4.353246212005615,0.0524442233145237,104.30845642089844,15.439208030700684,11.158717155456543,3.0,56.0
2.446946859359741,0.053861647844314575,115.56881713867188,6.934050559997559,6.3449225425720215,4.0,39.0
0.3559720814228058,0.028022250160574913,130.20965576171875,10.913276672363281,17.724538803100586,4.0,38.0
0.1251145303249359,0.20602691173553467,123.30892944335938,10.833839416503906,5.093308925628662,4.0,40.0
0.09187182784080505,0.14153419435024261,118.04209899902344,12.241586685180664,5.032188892364502,4.0,40.0
5.889266490936279,0.5937504172325134,117.42605590820312,13.435428619384766,2.8160719871520996,4.0,50.0
4.908736705780029,0.6955989003181458,110.0681381225586,14.14144515991211,4.519092082977295,3.0,57.0
4.392675399780273,0.12677693367004395,108.90780639648438,13.033947944641113,16.03213119506836,4.0,57.0
4.523743152618408,0.4682883322238922,100.29524230957031,16.050031661987305,11.222400665283203,2.0,36.0
0.1614908128976822,0.08436703681945801,136.60169982910156,9.397369384765625,25.98168182373047,3.0,61.0
4.461645126342773,0.057906121015548706,120.46603393554688,9.805830001831055,15.262300491333008,4.0,41.0
4.461269378662109,0.10324810445308685,104.79812622070312,15.083783149719238,10.700573921203613,3.0,63.0
2.3673174381256104,0.060436517000198364,121.51560974121094,3.890468120574951,5.413459300994873,4.0,26.0
5.513543128967285,0.5969509482383728,115.98541259765625,13.685359001159668,4.473287105560303,4.0,49.0
2.5611989498138428,0.039734214544296265,116.22159576416016,7.809061527252197,11.948801040649414,3.0,21.0
4.542397499084473,0.12120150029659271,109.1355209350586,15.944299697875977,9.032918930053711,2.0,76.0
2.491741895675659,0.05167021602392197,114.64788818359375,8.88731575012207,11.513004302978516,3.0,19.0
NaN,NaN,154.8285369873047,3.2052204608917236,6.832617282867432,138.0,202.0
0.374011367559433,0.11754503101110458,116.16044616699219,15.262738227844238,6.541262626647949,5.0,35.0
2.3976762294769287,0.16453556716442108,116.11166381835938,7.5928497314453125,8.088724136352539,3.0,51.0
6.147291660308838,0.30577167868614197,116.48908996582031,13.989357948303223,4.393291473388672,6.0,51.0
0.2261877954006195,0.05184066295623779,142.15428161621094,6.983798027038574,26.236217498779297,2.0,47.0
0.3558133542537689,0.0988270565867424,136.29217529296875,7.422121524810791,6.340519905090332,1.0,24.0
2.446168899536133,0.07126564532518387,118.35833740234375,5.678564548492432,6.427487850189209,4.0,30.0
2.432138681411743,0.1874033361673355,122.3422622680664,4.955170154571533,9.839723587036133,2.0,32.0
2.364203691482544,0.060955025255680084,121.52752685546875,3.8933537006378174,5.387911796569824,2.0,16.0
2.491225481033325,0.10189062356948853,115.7623291015625,6.8152947425842285,8.375028610229492,2.0,31.0
2.441147565841675,0.13496361672878265,110.1596908569336,9.760061264038086,11.769105911254883,2.0,25.0
6.240241527557373,0.3732832670211792,114.71853637695312,15.259954452514648,5.622719764709473,4.0,37.0
6.259024143218994,0.2647475302219391,116.24172973632812,16.688846588134766,4.484091281890869,3.0,29.0
2.389505624771118,0.1909061074256897,116.31420135498047,8.382284164428711,6.898739814758301,3.0,24.0
2.3440680503845215,0.21377351880073547,119.74027252197266,7.011082172393799,6.038485050201416,3.0,50.0
2.533433675765991,0.050555385649204254,116.21184539794922,6.280317306518555,9.007052421569824,7.0,32.0
2.5349295139312744,0.05754265561699867,122.77852630615234,3.903499126434326,9.166364669799805,4.0,42.0
2.035585641860962,0.21086515486240387,115.40473175048828,7.435530185699463,6.9159722328186035,4.0,32.0
0.3204663395881653,0.08493493497371674,140.72503662109375,8.139530181884766,25.657625198364258,3.0,33.0
4.588000297546387,0.14802494645118713,110.11290740966797,16.02902603149414,7.573915481567383,1.0,71.0
0.14408978819847107,0.31832191348075867,118.9264907836914,16.118337631225586,5.232309818267822,3.0,42.0
0.3729604184627533,0.08070684969425201,144.58824157714844,9.745892524719238,23.712024688720703,4.0,46.0
1.9212201833724976,0.20371395349502563,117.19697570800781,8.595113754272461,5.673135280609131,3.0,37.0
4.493497848510742,0.044858142733573914,109.2954330444336,12.904888153076172,11.877436637878418,2.0,85.0
0.6428425908088684,0.07246330380439758,114.06422424316406,16.780841827392578,8.126494407653809,4.0,38.0
4.50982141494751,0.04597888141870499,105.01876068115234,13.795096397399902,10.482900619506836,2.0,51.0
0.24598488211631775,0.0449296273291111,152.33421325683594,6.690857887268066,31.481250762939453,4.0,36.0
0.24630269408226013,0.0356946624815464,139.52981567382812,2.1295905113220215,29.295076370239258,3.0,10.0
0.47806796431541443,0.07374825328588486,122.65460968017578,15.154864311218262,7.232720375061035,5.0,54.0
2.3333780765533447,0.20691144466400146,116.23920440673828,7.863521099090576,8.008735656738281,3.0,39.0
2.567192316055298,0.018784554675221443,117.00318145751953,6.246952533721924,10.751801490783691,4.0,37.0
4.477551460266113,0.026728659868240356,103.09978485107422,13.424884796142578,12.312387466430664,2.0,53.0
4.533623695373535,0.07709278911352158,104.63127136230469,17.239070892333984,9.395218849182129,1.0,54.0
0.2852259576320648,0.06370901316404343,153.3179931640625,6.900804042816162,30.610498428344727,4.0,22.0
2.554105520248413,0.04517591372132301,121.79593658447266,4.717197418212891,9.126527786254883,3.0,23.0
0.3147333562374115,0.03834795579314232,144.90843200683594,5.3489556312561035,29.340940475463867,4.0,11.0
0.4045771062374115,0.05702656880021095,155.93165588378906,5.49182653427124,26.412567138671875,3.0,16.0
2.3908135890960693,0.10713740438222885,116.30706787109375,7.440913200378418,12.101930618286133,4.0,48.0
0.6509140133857727,0.0775737389922142,144.95375061035156,3.903874158859253,10.602355003356934,2.0,15.0
0.36733752489089966,0.14659027755260468,138.67254638671875,6.637223243713379,14.548506736755371,4.0,33.0
0.25329622626304626,0.04937197268009186,132.24835205078125,7.468292236328125,20.003459930419922,3.0,14.0
0.3904675543308258,0.031051721423864365,149.47520446777344,8.817596435546875,27.050874710083008,6.0,40.0
0.15736326575279236,0.08657874912023544,146.1154327392578,5.210603713989258,25.079023361206055,4.0,42.0
0.4185825288295746,0.08418285846710205,114.271484375,15.456024169921875,6.373655319213867,3.0,25.0
0.4581320881843567,0.10645469278097153,117.97037506103516,13.757100105285645,6.859411716461182,4.0,27.0
0.31869539618492126,0.05240784212946892,155.41908264160156,4.433757305145264,27.368797302246094,2.0,30.0
0.29049569368362427,0.046101707965135574,147.35182189941406,6.046531677246094,27.660802841186523,3.0,19.0
0.3720923364162445,0.16284307837486267,114.13117980957031,14.975990295410156,4.9137139320373535,5.0,31.0
4.6528120040893555,0.1607031375169754,97.83577728271484,17.1318416595459,5.765960216522217,3.0,35.0
0.13572919368743896,0.05972506105899811,152.2452850341797,6.846960067749023,32.12922668457031,2.0,33.0
0.059979286044836044,0.04129369929432869,152.0239715576172,4.7674431800842285,36.21246337890625,3.0,38.0
0.028488246724009514,0.0359608456492424,150.8268585205078,3.910123109817505,36.04554748535156,3.0,34.0
0.10205158591270447,0.41310787200927734,110.09556579589844,16.583358764648438,2.79254150390625,4.0,25.0
2.3715767860412598,0.3138680160045624,115.23680114746094,8.013599395751953,8.813299179077148,4.0,32.0
2.4710700511932373,0.1272757351398468,118.87500762939453,5.696164608001709,8.499421119689941,4.0,53.0
6.071832656860352,0.46055975556373596,105.87715148925781,16.978214263916016,2.0533883571624756,4.0,39.0
5.885985851287842,0.9871708750724792,110.61851501464844,15.725085258483887,2.8789660930633545,5.0,43.0
1.8933547735214233,0.2768515944480896,119.8201904296875,4.44717264175415,5.956305027008057,3.0,19.0
1.320266604423523,0.10752835869789124,123.17237854003906,4.983566761016846,4.946775436401367,2.0,17.0
0.5081301331520081,0.0032388914842158556,206.7882843017578,1.7929985523223877,33.22417068481445,5.0,9.0
0.43650832772254944,0.03655960038304329,177.4730682373047,6.91847038269043,21.410236358642578,1.0,41.0
0.40726375579833984,0.02242940291762352,179.49432373046875,4.500650882720947,27.736759185791016,2.0,22.0
0.4332807958126068,0.024530969560146332,166.3228302001953,5.593313694000244,23.557905197143555,3.0,18.0
0.45396313071250916,0.04088754206895828,163.15188598632812,6.548795223236084,19.708890914916992,2.0,41.0
0.4501980245113373,0.033274851739406586,156.57623291015625,8.962923049926758,16.17317008972168,4.0,31.0
0.427041620016098,0.029296875,152.7439422607422,4.720922470092773,21.019088745117188,2.0,18.0
0.4095705449581146,0.03268203139305115,175.50119018554688,8.762044906616211,19.720211029052734,2.0,40.0
0.41973885893821716,0.028555061668157578,189.91024780273438,6.680487155914307,29.706710815429688,4.0,27.0
0.4120689928531647,0.033986225724220276,176.5225830078125,7.789842128753662,25.59076690673828,3.0,22.0
0.40892013907432556,0.03543993458151817,168.84158325195312,6.349212646484375,15.36480712890625,1.0,20.0
0.455493301153183,0.004872119519859552,193.31155395507812,7.4101386070251465,32.501644134521484,5.0,13.0
0.3918500542640686,0.07695330679416656,148.66445922851562,10.947317123413086,12.102774620056152,5.0,50.0
0.3383169174194336,0.0706661120057106,138.44256591796875,12.855263710021973,9.178656578063965,3.0,22.0
0.46431764960289,0.020899349823594093,207.21995544433594,5.600990295410156,34.39584732055664,3.0,27.0
0.20895394682884216,0.20844748616218567,145.7871856689453,11.414166450500488,7.612071514129639,5.0,26.0
0.47316765785217285,0.016380179673433304,199.37937927246094,4.002928733825684,34.65644454956055,4.0,12.0
0.8341501355171204,0.07645929604768753,148.67604064941406,7.122121334075928,6.2644171714782715,2.0,27.0
0.48837074637413025,0.015533177182078362,202.6450653076172,4.404365539550781,36.90951919555664,5.0,8.0
0.7111740708351135,0.12218964099884033,145.39109802246094,14.047213554382324,8.607131004333496,2.0,57.0
1.2616571187973022,0.10999232530593872,133.98431396484375,7.0600104331970215,6.0824971199035645,4.0,21.0
0.6756671071052551,0.10527869313955307,146.55926513671875,4.59640645980835,10.476482391357422,2.0,21.0
0.968860924243927,0.26773133873939514,154.4221954345703,8.275056838989258,6.983784198760986,2.0,63.0
0.48942241072654724,0.01571628637611866,218.04052734375,3.3012781143188477,38.298912048339844,2.0,19.0
0.3045547902584076,0.1201370358467102,137.63865661621094,12.087813377380371,5.425613880157471,5.0,36.0
0.7273343205451965,0.0350654274225235,159.78280639648438,8.751785278320312,15.468196868896484,5.0,22.0
1.469709873199463,0.2100040763616562,135.3007049560547,7.207038879394531,5.173485279083252,6.0,27.0
0.487846314907074,0.016496211290359497,220.60890197753906,5.292978763580322,40.254615783691406,4.0,11.0
NaN,NaN,150.91116333007812,3.8130123615264893,1.4112647771835327,1.0,43.0
NaN,NaN,123.26315307617188,8.2725191116333,1.891576886177063,4.0,31.0
1.4549182653427124,0.11158481985330582,129.9846954345703,7.198768138885498,4.9890217781066895,5.0,34.0
0.6711640954017639,0.04163224250078201,177.336181640625,6.1677398681640625,19.98746109008789,4.0,40.0
NaN,NaN,148.8407440185547,5.298695087432861,1.9549132585525513,2.0,38.0
0.45634278655052185,0.020226869732141495,154.87818908691406,8.233648300170898,8.867555618286133,2.0,19.0
0.6262844800949097,0.03289743885397911,191.43746948242188,5.219404697418213,22.891090393066406,3.0,33.0
0.25398287177085876,0.3585660457611084,130.68930053710938,15.812685012817383,8.404946327209473,3.0,46.0
0.5553598403930664,0.022468233481049538,221.41929626464844,5.371365070343018,40.047733306884766,5.0,18.0
0.6233521103858948,0.021373113617300987,180.4525604248047,4.698112964630127,27.266130447387695,4.0,15.0
0.6306236386299133,0.030241919681429863,198.57037353515625,6.483753681182861,26.2603702545166,3.0,36.0
0.6100412607192993,0.02239915356040001,206.28912353515625,7.421200752258301,32.48163986206055,6.0,32.0
0.34519609808921814,0.03635646402835846,173.30166625976562,9.050962448120117,28.556140899658203,3.0,31.0
NaN,NaN,127.19868469238281,10.009858131408691,2.287668466567993,2.0,38.0
NaN,NaN,137.77227783203125,5.964903831481934,1.2431299686431885,1.0,38.0
0.5192056894302368,0.0048182993195950985,217.82041931152344,7.204870223999023,42.348846435546875,4.0,12.0
6.230792045593262,0.04883788898587227,125.70176696777344,3.2606496810913086,16.73527717590332,1.0,36.0
0.5237597227096558,7.524919346906245E-4,226.80856323242188,4.5804443359375,41.99248123168945,2.0,15.0
6.104973793029785,0.03530513122677803,118.47752380371094,5.773136138916016,27.7708740234375,2.0,64.0
3.6880879402160645,0.19618943333625793,123.7400894165039,8.077566146850586,3.3576455116271973,4.0,20.0
6.094420909881592,0.03204851225018501,118.64418029785156,7.077141761779785,28.79619026184082,3.0,26.0
6.105276584625244,0.03476068750023842,121.10718536376953,4.887703895568848,28.12996482849121,3.0,42.0
0.23878654837608337,0.02150655724108219,167.9784698486328,8.97946834564209,32.118614196777344,2.0,36.0
6.24173641204834,0.04761180281639099,123.06229400634766,4.278169631958008,14.744573593139648,4.0,30.0
0.22944879531860352,0.017014363780617714,162.48733520507812,7.585836887359619,32.35224151611328,2.0,27.0
6.186629295349121,0.03249180689454079,116.77975463867188,6.769503116607666,18.38393783569336,4.0,23.0
0.22771461308002472,0.04365084692835808,168.7698211669922,7.842069149017334,31.43948745727539,2.0,43.0
0.01195644959807396,0.026416663080453873,125.70416259765625,2.1526236534118652,12.62324333190918,2.0,14.0
0.012134162709116936,0.07311838865280151,123.34363555908203,4.37187385559082,13.299025535583496,3.0,17.0
1.8316153287887573,0.1646832972764969,110.48466491699219,11.81551742553711,3.203967809677124,5.0,25.0
0.6065531373023987,0.013822542503476143,216.40982055664062,5.1020827293396,36.32297897338867,6.0,19.0
2.685962200164795,0.18787600100040436,123.44819641113281,3.8613672256469727,31.063737869262695,1.0,51.0
0.13444139063358307,0.08657903224229813,120.33670806884766,5.4588303565979,10.683849334716797,4.0,15.0
0.5979493856430054,0.02360980026423931,222.1741485595703,2.795783758163452,38.396034240722656,3.0,20.0
2.699864149093628,0.09195257723331451,103.30622100830078,9.986709594726562,32.57851028442383,3.0,45.0
5.379940032958984,0.19409286975860596,150.3708038330078,7.0775556564331055,6.796206951141357,1.0,51.0
1.7890580892562866,0.29320627450942993,119.40852355957031,9.474936485290527,4.374312877655029,4.0,53.0
0.07657179236412048,0.09729915112257004,121.22620391845703,4.297982692718506,11.455280303955078,4.0,18.0
0.5758737921714783,4.8828125E-4,225.43167114257812,5.5452680587768555,40.00543975830078,4.0,17.0
6.173924922943115,0.04874015599489212,123.14644622802734,2.738790988922119,19.44581413269043,3.0,21.0
6.280611038208008,0.07703710347414017,117.0594711303711,7.238541603088379,13.674456596374512,4.0,41.0
5.250571250915527,0.13124506175518036,115.05640411376953,2.705066204071045,8.052104949951172,2.0,28.0
6.169503688812256,0.0754801332950592,125.33370971679688,3.1884191036224365,17.172849655151367,3.0,17.0
5.881590366363525,0.23722128570079803,149.16476440429688,13.676794052124023,7.42827033996582,1.0,73.0
0.23805560171604156,0.0257415734231472,161.7142791748047,8.292739868164062,31.399662017822266,2.0,28.0
0.6153523325920105,0.006688294466584921,218.15184020996094,4.009753704071045,38.32423400878906,4.0,10.0
0.5759639739990234,2.44140625E-4,229.07838439941406,3.059309482574463,39.99964904785156,2.0,11.0
1.8917473554611206,0.19847656786441803,115.15196228027344,11.70040225982666,3.2807538509368896,4.0,25.0
6.101833343505859,0.10717301070690155,122.60367584228516,5.743797779083252,16.46380043029785,3.0,19.0
0.572881281375885,0.006963359657675028,216.13182067871094,6.0917463302612305,39.737510681152344,4.0,12.0
3.9001505374908447,0.1072680652141571,135.2301788330078,12.266888618469238,4.2626051902771,5.0,53.0
0.5848806500434875,0.017578125,220.4783172607422,2.532599925994873,36.79448318481445,3.0,20.0
6.2711567878723145,0.2160477638244629,154.37767028808594,6.416987895965576,6.40293025970459,1.0,40.0
6.193867206573486,0.09997729957103729,120.6142807006836,5.338356018066406,13.459325790405273,3.0,19.0
0.5914068818092346,0.016014955937862396,209.62445068359375,5.3154401779174805,34.726539611816406,3.0,19.0
0.5912733674049377,0.007873298600316048,217.01271057128906,1.9951112270355225,34.50584030151367,5.0,11.0
0.5892863869667053,0.012512058019638062,219.03866577148438,4.806814670562744,33.982444763183594,2.0,19.0
6.13156795501709,0.05434638261795044,122.08890533447266,4.233423709869385,23.043581008911133,3.0,35.0
0.1956048309803009,0.04578348621726036,157.4544219970703,8.201205253601074,28.165271759033203,2.0,65.0
0.5539775490760803,0.004256737418472767,226.73193359375,3.3957693576812744,37.989524841308594,2.0,16.0
0.5072579979896545,0.021778520196676254,182.3623046875,1.7743836641311646,20.267194747924805,4.0,9.0
0.5638239979743958,0.0200849249958992,201.54429626464844,6.603739261627197,33.5418586730957,3.0,17.0
2.7417469024658203,0.03558763116598129,120.48653411865234,4.523484706878662,28.866174697875977,1.0,95.0
1.9687786102294922,0.2490851879119873,112.48313903808594,10.84073257446289,3.638385772705078,4.0,29.0
0.5416584610939026,0.019384212791919708,203.71005249023438,11.127984046936035,38.2859001159668,5.0,23.0
0.2686326205730438,0.031127450987696648,163.64718627929688,2.8500959873199463,25.254074096679688,1.0,31.0
6.126516819000244,0.04419417306780815,120.94241333007812,3.6912057399749756,22.237855911254883,3.0,20.0
6.117492198944092,0.04021730646491051,118.76206970214844,5.9667863845825195,15.776253700256348,3.0,35.0
0.5419774651527405,0.012429611757397652,219.41680908203125,1.0326694250106812,37.592437744140625,4.0,9.0
0.5806463360786438,0.012000201269984245,188.10833740234375,6.751157283782959,30.380821228027344,3.0,17.0
3.8126769065856934,0.09849251061677933,134.5499725341797,12.508357048034668,7.161050319671631,5.0,68.0
2.7424960136413574,0.01547165960073471,110.95446014404297,5.859187602996826,46.140438079833984,2.0,32.0
5.810296058654785,0.2863818407058716,119.01375579833984,11.350377082824707,6.064426422119141,2.0,60.0
0.5832809805870056,0.013350943103432655,209.51844787597656,5.875664710998535,29.460994720458984,3.0,28.0
6.114419937133789,0.024666661396622658,119.69258117675781,3.9556870460510254,26.685144424438477,3.0,18.0
0.5856596827507019,0.00916584674268961,208.38552856445312,2.2334461212158203,28.66051483154297,3.0,15.0
5.5387701988220215,0.5252676606178284,130.18743896484375,14.969108581542969,7.9597954750061035,2.0,122.0
0.22289356589317322,0.02501220442354679,149.07809448242188,1.223149061203003,25.918508529663086,2.0,19.0
0.6075809597969055,0.022397158667445183,191.17613220214844,4.339588642120361,27.622648239135742,3.0,17.0
2.3320329189300537,0.14083507657051086,112.30814361572266,11.975234985351562,5.268579959869385,3.0,23.0
0.6092778444290161,0.03547943755984306,200.44564819335938,3.45845890045166,26.225967407226562,7.0,19.0
2.773627519607544,0.022524535655975342,113.56034088134766,6.2659173011779785,40.58125305175781,3.0,33.0
0.5129984021186829,0.02108108624815941,184.092041015625,2.2972469329833984,19.603906631469727,6.0,13.0
2.74111008644104,0.11465359479188919,109.55635833740234,11.978007316589355,12.188469886779785,3.0,24.0
6.234484672546387,0.19684942066669464,124.55846405029297,4.5883259773254395,6.880949020385742,2.0,36.0
0.5137306451797485,0.037060756236314774,208.90109252929688,6.600781440734863,35.02851486206055,4.0,22.0
0.22602543234825134,0.1363765299320221,149.93692016601562,3.9735453128814697,7.41755485534668,1.0,31.0
0.5403071045875549,0.005074367392808199,207.65467834472656,2.6353960037231445,35.10483932495117,3.0,12.0
6.0849223136901855,0.030881617218255997,116.6258544921875,6.948751926422119,14.85135269165039,3.0,30.0
0.5623288750648499,0.016282550990581512,209.05941772460938,1.5574920177459717,29.593908309936523,5.0,12.0
6.24778938293457,0.1946766972541809,110.93085479736328,2.79875111579895,5.788758754730225,2.0,13.0
0.08417925238609314,0.08421117812395096,149.3995361328125,6.072961330413818,23.192697525024414,3.0,36.0
0.47030600905418396,0.0297009889036417,185.39451599121094,11.479601860046387,31.07210922241211,4.0,31.0
6.13478422164917,0.0302734375,115.32315826416016,6.744500160217285,22.891357421875,4.0,37.0
0.6108608841896057,0.03887896239757538,175.19451904296875,9.626927375793457,23.56075668334961,3.0,22.0
3.899329662322998,0.0792400911450386,136.91041564941406,11.829188346862793,10.221275329589844,3.0,58.0
0.600145697593689,0.036383096128702164,196.12139892578125,3.339512586593628,23.868873596191406,4.0,14.0
0.46283969283103943,0.015776850283145905,174.55551147460938,12.428466796875,28.478233337402344,3.0,16.0
0.5711680054664612,0.016282550990581512,203.09580993652344,4.31928825378418,26.008800506591797,6.0,13.0
2.790069580078125,0.03649391978979111,117.8658676147461,9.796065330505371,14.923115730285645,5.0,36.0
0.7130303978919983,0.0904780700802803,156.16384887695312,3.9086241722106934,18.35480308532715,3.0,14.0
1.0098761320114136,0.19421075284481049,161.3789520263672,8.900382041931152,13.344816207885742,1.0,46.0
0.49926790595054626,0.010830601677298546,196.16419982910156,1.8006075620651245,26.73749351501465,4.0,14.0
0.868044376373291,0.1613723337650299,178.423828125,9.982211112976074,14.55726146697998,1.0,44.0
6.22143030166626,0.10210099816322327,144.3215789794922,3.314563035964966,14.183029174804688,2.0,37.0
1.0209790468215942,0.19728919863700867,147.7378387451172,16.488927841186523,10.115978240966797,2.0,63.0
0.42903122305870056,0.03714790195226669,164.1589813232422,18.31138038635254,22.99208641052246,3.0,17.0
6.027293682098389,0.025202125310897827,120.67475891113281,6.737691402435303,23.509252548217773,3.0,40.0
2.7834999561309814,0.027759121730923653,117.14885711669922,5.410403251647949,32.3040885925293,2.0,39.0
0.49285396933555603,0.2151121348142624,159.43617248535156,2.0228190422058105,11.853877067565918,5.0,23.0
6.103322505950928,0.014252460561692715,113.61148071289062,6.069502830505371,25.872426986694336,3.0,14.0
6.152444839477539,0.06238545477390289,135.6747283935547,3.80069899559021,21.38465690612793,1.0,45.0
0.06845054030418396,0.19141621887683868,138.8463897705078,2.8712611198425293,12.622672080993652,1.0,20.0
0.40226873755455017,0.044868770986795425,169.04925537109375,14.059305191040039,21.398941040039062,4.0,27.0
0.08557996153831482,0.15665535628795624,155.66822814941406,10.139168739318848,24.381580352783203,2.0,93.0
0.6044173836708069,0.02376079186797142,180.42889404296875,4.99746036529541,19.0645809173584,2.0,22.0
0.651797354221344,0.03845970332622528,177.7257537841797,3.5868139266967773,17.409000396728516,1.0,34.0
0.9416730403900146,0.05860239639878273,147.41920471191406,3.7947845458984375,13.775283813476562,3.0,22.0
2.7491443157196045,0.046012572944164276,102.34480285644531,7.644059181213379,8.877510070800781,3.0,11.0
6.03679084777832,0.012881743721663952,123.11933898925781,4.6823930740356445,43.20318603515625,3.0,11.0
6.043483257293701,0.03363120183348656,127.98872375488281,3.732511281967163,40.539039611816406,1.0,41.0
6.060199737548828,0.058078791946172714,134.3576202392578,6.575433731079102,31.783023834228516,3.0,44.0
0.2811165750026703,0.06388838589191437,170.36886596679688,4.253445148468018,25.91585350036621,1.0,26.0
6.019777297973633,0.03158390894532204,126.05398559570312,6.557438373565674,35.21824645996094,3.0,51.0
5.995386123657227,0.3270930349826813,111.03779602050781,8.150501251220703,11.067628860473633,2.0,43.0
0.0882551446557045,0.020809486508369446,149.84161376953125,2.5617377758026123,30.904664993286133,3.0,11.0
0.6207490563392639,0.06437169015407562,158.54185485839844,5.737588405609131,17.30996322631836,3.0,34.0
0.7048326134681702,0.064453125,166.06187438964844,3.4326670169830322,16.55836296081543,3.0,32.0
0.6261703968048096,0.0693947970867157,167.5697021484375,3.8986175060272217,15.827680587768555,3.0,56.0
6.033297061920166,0.020391223952174187,133.63160705566406,2.747868537902832,46.46259689331055,1.0,30.0
0.29469022154808044,0.12334103882312775,172.30194091796875,4.843850612640381,25.499801635742188,3.0,23.0
0.5169621109962463,0.035183366388082504,179.97886657714844,6.978902339935303,19.02333641052246,4.0,26.0
0.6084450483322144,0.044423867017030716,157.33090209960938,2.7606327533721924,15.128390312194824,3.0,21.0
0.6350517272949219,0.0841522291302681,158.77626037597656,5.954744815826416,10.45666217803955,6.0,25.0
5.381740093231201,0.7671220302581787,116.8864517211914,8.9743013381958,9.699155807495117,1.0,96.0
6.272345066070557,0.05883738398551941,144.25172424316406,7.386114597320557,30.182340621948242,3.0,44.0
0.1788686066865921,0.04120885580778122,149.7724151611328,3.1356070041656494,29.50270652770996,3.0,10.0
0.43066009879112244,0.08617022633552551,177.04864501953125,6.5525221824646,17.67962074279785,3.0,30.0
0.5929010510444641,0.0892954170703888,158.29953002929688,4.028947830200195,12.554031372070312,2.0,42.0
6.059690475463867,0.019822053611278534,117.26692962646484,5.516576766967773,36.87753677368164,3.0,37.0
0.5840363502502441,0.05655795708298683,160.15985107421875,5.926634788513184,17.90238380432129,1.0,21.0
6.20353889465332,0.05348853021860123,152.2187957763672,4.919071674346924,24.086933135986328,2.0,21.0
4.032289028167725,0.019052356481552124,134.555419921875,8.367533683776855,13.979052543640137,2.0,49.0
0.10044322907924652,0.05948286131024361,156.3580780029297,6.886354446411133,31.459754943847656,2.0,51.0
0.7518542408943176,0.035987354815006256,171.5157012939453,4.9287896156311035,15.239320755004883,1.0,44.0
0.17292913794517517,0.09423701465129852,162.3307342529297,4.741769313812256,28.570531845092773,1.0,30.0
0.7685943245887756,0.051332272589206696,181.56414794921875,1.9813584089279175,15.641298294067383,3.0,10.0
0.7305516600608826,0.02924291044473648,169.16879272460938,3.237053632736206,12.774917602539062,1.0,48.0
5.982582092285156,0.015746597200632095,122.9010238647461,5.953514575958252,44.224308013916016,3.0,21.0
0.7200977206230164,0.05321705713868141,177.986328125,2.7648744583129883,15.682785034179688,1.0,25.0
0.6965638399124146,0.23281468451023102,155.9763946533203,2.965294122695923,6.145634174346924,3.0,32.0
0.5807365775108337,0.04237440228462219,176.6728057861328,5.320398330688477,17.822521209716797,2.0,28.0
4.002430438995361,0.035762228071689606,133.7002716064453,8.151878356933594,13.590460777282715,1.0,55.0
2.774221897125244,0.022010600194334984,117.50574493408203,6.816369533538818,17.372901916503906,4.0,21.0
4.968793869018555,0.6135581731796265,137.99412536621094,5.220340251922607,5.107230186462402,1.0,34.0
NaN,NaN,147.0186767578125,2.943809747695923,1.5818856954574585,3.0,30.0
NaN,NaN,148.96414184570312,3.296541690826416,2.143123149871826,3.0,40.0
NaN,NaN,151.03843688964844,2.4266586303710938,1.1615970134735107,1.0,45.0
3.839724063873291,5.980199784971774E-4,150.74514770507812,2.2303831577301025,2.9999992847442627,3.0,22.0
3.70916485786438,0.2882447838783264,147.8430938720703,1.6183758974075317,2.564882755279541,3.0,10.0
0.3339359164237976,0.08347489684820175,162.1663818359375,7.105235576629639,13.826122283935547,2.0,26.0
3.5113680362701416,0.21689362823963165,150.25572204589844,3.3139736652374268,4.0881805419921875,3.0,41.0
3.351032257080078,0.0,139.9292755126953,1.4496766328811646,4.999999523162842,2.0,15.0
5.049337387084961,0.5300585031509399,135.58169555664062,7.837584495544434,3.7049059867858887,1.0,39.0
3.77441668510437,0.2998444437980652,121.2857894897461,5.225762367248535,3.4029130935668945,1.0,86.0
3.344520330429077,1.0429627895355225,121.37926483154297,5.729924201965332,2.5950212478637695,1.0,69.0
1.130369782447815,0.07728198170661926,161.67730712890625,6.047177791595459,8.13899040222168,2.0,13.0
3.140014171600342,0.2998603582382202,122.71674346923828,4.467001438140869,7.813156604766846,1.0,26.0
4.131285190582275,0.06949393451213837,96.1656723022461,4.507264137268066,7.474517822265625,2.0,32.0
4.149021148681641,0.06417137384414673,98.2744369506836,2.5788350105285645,8.091998100280762,1.0,31.0
4.056221008300781,0.1170019581913948,102.66021728515625,2.620718240737915,5.252880096435547,1.0,49.0
4.975876331329346,1.2375530004501343,118.75084686279297,8.333795547485352,2.4084255695343018,1.0,23.0
3.953897714614868,0.1372763067483902,96.33411407470703,3.3361477851867676,10.520380020141602,2.0,29.0
4.144851207733154,0.05818542465567589,95.67611694335938,1.6840242147445679,7.702575206756592,2.0,24.0
3.756945848464966,0.18012483417987823,113.82061004638672,8.475954055786133,4.655600070953369,1.0,33.0
4.161369323730469,0.07368599623441696,94.33164978027344,3.1649014949798584,10.101975440979004,2.0,21.0
3.9395244121551514,0.17471738159656525,118.71379089355469,5.582390785217285,4.815484046936035,1.0,31.0
3.9838674068450928,0.18930457532405853,99.394287109375,10.583282470703125,10.010785102844238,4.0,46.0
4.123950958251953,0.06634878367185593,94.66060638427734,5.610919952392578,8.164511680603027,2.0,31.0
4.187643527984619,0.0033829116728156805,108.18222045898438,3.543534994125366,9.988211631774902,1.0,47.0
4.1901116371154785,0.09672406315803528,113.40428161621094,5.1009345054626465,13.56216812133789,1.0,39.0
4.193227767944336,0.016808509826660156,123.6740493774414,2.627788782119751,10.338251113891602,1.0,80.0
4.293047904968262,0.11342427879571915,103.6010971069336,10.60940933227539,7.526676177978516,3.0,50.0
6.029121398925781,0.408979207277298,139.0476531982422,13.073410987854004,5.439875602722168,1.0,36.0
3.7345693111419678,0.8625905513763428,117.96698760986328,6.912892818450928,4.394314765930176,1.0,54.0
4.022713661193848,0.14012779295444489,111.21842956542969,7.429091930389404,4.451168537139893,1.0,34.0
2.85318660736084,0.21891124546527863,113.4236831665039,6.324787139892578,23.96747589111328,3.0,27.0
4.1414265632629395,0.06527829170227051,98.56546783447266,11.732908248901367,9.794198036193848,2.0,42.0
3.2907607555389404,0.4190067648887634,116.17501068115234,7.389353275299072,13.248239517211914,3.0,73.0
4.231687068939209,0.060707125812768936,96.87313079833984,11.615545272827148,11.732152938842773,2.0,46.0
4.157440185546875,0.11671607196331024,93.913818359375,13.933891296386719,10.580196380615234,4.0,48.0
6.1023101806640625,0.019555648788809776,150.11187744140625,4.7674431800842285,33.99679946899414,3.0,27.0
4.228589057922363,0.033680789172649384,115.55834197998047,8.442590713500977,12.96409797668457,1.0,24.0
6.044026851654053,0.06876969337463379,119.03203582763672,5.686641216278076,22.54793930053711,3.0,32.0
5.927443504333496,0.3704841732978821,128.56549072265625,1.7252717018127441,6.876768112182617,3.0,19.0
2.7927000522613525,0.06887708604335785,118.91328430175781,8.283313751220703,5.604165077209473,4.0,40.0
6.116672992706299,0.022226184606552124,144.9479217529297,6.599745273590088,26.454326629638672,1.0,50.0
3.9330358505249023,0.4554855525493622,113.11417388916016,10.15543270111084,4.739744186401367,1.0,35.0
6.268908977508545,0.49158743023872375,145.30567932128906,8.714436531066895,7.639077186584473,1.0,53.0
3.9344162940979004,0.03443681076169014,147.97483825683594,7.829606056213379,11.896811485290527,1.0,48.0
6.257386207580566,0.30168986320495605,148.9595184326172,7.668166637420654,3.676659107208252,1.0,45.0
6.101529121398926,0.019186409190297127,144.60133361816406,1.7951757907867432,31.324359893798828,2.0,23.0
0.9653690457344055,0.12966786324977875,160.6744842529297,8.452763557434082,9.087382316589355,2.0,24.0
1.2581993341445923,0.08212057501077652,135.94822692871094,11.615419387817383,5.761328220367432,3.0,24.0
2.604799747467041,0.0772349163889885,119.88422393798828,4.100543022155762,11.321081161499023,2.0,54.0
2.767509698867798,0.06637752056121826,113.05155944824219,10.366572380065918,4.5817341804504395,4.0,20.0
4.505462169647217,0.048991426825523376,111.38262176513672,9.76821231842041,9.912277221679688,2.0,32.0
4.949766635894775,0.23638057708740234,117.85734558105469,2.669269561767578,5.232545852661133,3.0,19.0
4.367092132568359,0.0808676928281784,129.86529541015625,3.5322177410125732,12.235414505004883,1.0,78.0
6.083245754241943,0.020853668451309204,145.12274169921875,2.542989730834961,33.438838958740234,2.0,18.0
6.089770793914795,0.02796449512243271,143.22349548339844,2.625743865966797,27.631528854370117,1.0,40.0
0.2503546178340912,0.16037344932556152,113.1924819946289,9.02059268951416,8.888773918151855,4.0,25.0
2.770066022872925,0.10464266687631607,110.75154876708984,11.362459182739258,2.9424889087677,4.0,17.0
3.9798312187194824,0.04780171066522598,138.392333984375,10.006834030151367,13.064675331115723,3.0,42.0
6.069263935089111,0.03638268634676933,121.351318359375,3.4198410511016846,38.09067153930664,3.0,44.0
1.3417085409164429,0.11319702863693237,130.62185668945312,10.201964378356934,4.67662239074707,4.0,25.0
4.360202789306641,0.07452650368213654,101.02639770507812,2.153304100036621,11.049633026123047,1.0,38.0
4.346244812011719,0.05494845658540726,104.54332733154297,2.4040167331695557,13.306949615478516,1.0,57.0
1.2249988317489624,0.1136258915066719,121.17211151123047,10.51278018951416,3.4577019214630127,4.0,19.0
2.8322839736938477,0.06722694635391235,115.03157806396484,9.502312660217285,3.9779772758483887,5.0,23.0
6.091201305389404,0.07111494243144989,137.3967742919922,6.437803268432617,21.487789154052734,3.0,69.0
6.065468788146973,0.02583741582930088,121.57767486572266,3.4206976890563965,42.749263763427734,2.0,23.0
0.2677823007106781,0.20722462236881256,111.69229888916016,9.571432113647461,7.514979839324951,5.0,31.0
1.2021546363830566,0.2558668255805969,127.23917388916016,10.049487113952637,2.1667304039001465,4.0,19.0
3.836313009262085,0.03496243804693222,135.4871368408203,10.900382995605469,8.956955909729004,3.0,23.0
5.116384983062744,0.4360204041004181,118.98133850097656,13.565919876098633,2.8673670291900635,4.0,52.0
4.318109512329102,0.08642370998859406,121.75247192382812,6.5035295486450195,7.1684722900390625,1.0,54.0
3.7301690578460693,0.07748302072286606,134.3629608154297,11.768187522888184,8.167609214782715,3.0,37.0
6.173374652862549,0.14091970026493073,117.09113311767578,7.414815902709961,15.788872718811035,4.0,28.0
6.234957695007324,0.08982251584529877,112.83747863769531,7.76057767868042,16.197912216186523,4.0,29.0
2.787033796310425,0.05126720666885376,115.03614807128906,9.843948364257812,7.454811096191406,4.0,25.0
2.656735420227051,0.058406274765729904,114.66233825683594,6.366645812988281,15.709759712219238,3.0,39.0
4.296579837799072,0.07761521637439728,104.91856384277344,4.477264404296875,10.20190715789795,2.0,37.0
5.293922424316406,0.6736851930618286,116.39495086669922,14.312227249145508,1.9467376470565796,5.0,30.0
6.202635765075684,0.11667776852846146,118.28245544433594,5.001952648162842,18.992902755737305,3.0,30.0
1.7360554933547974,0.07429260015487671,123.02572631835938,10.219657897949219,2.981201171875,5.0,28.0
2.758863687515259,0.07598698139190674,114.19318389892578,6.230595111846924,13.224903106689453,4.0,23.0
1.7200124263763428,0.14100849628448486,122.7481460571289,8.628961563110352,2.9656660556793213,4.0,13.0
6.03016996383667,0.02603963203728199,124.96058654785156,2.620159149169922,24.17531394958496,2.0,35.0
2.753706693649292,0.06070417910814285,124.26486206054688,5.679424285888672,12.152093887329102,3.0,27.0
4.4559736251831055,0.20992176234722137,111.98804473876953,13.413496017456055,3.0070271492004395,5.0,23.0
2.085503101348877,0.4798614978790283,126.93480682373047,6.263657093048096,2.948209285736084,5.0,20.0
6.022693157196045,0.020203281193971634,137.8959197998047,4.775834560394287,23.667558670043945,2.0,27.0
6.101695537567139,0.0185546875,123.6179428100586,1.7782320976257324,27.454822540283203,3.0,19.0
3.819394826889038,0.17372384667396545,134.66798400878906,10.8499174118042,5.972237586975098,4.0,52.0
2.7416486740112305,0.09128117561340332,123.4888687133789,7.017834186553955,9.19871711730957,5.0,24.0
NaN,NaN,114.26473999023438,16.065479278564453,1.3556122779846191,4.0,22.0
2.7076938152313232,0.11571338772773743,131.48281860351562,4.180264472961426,2.4250221252441406,2.0,16.0
2.6892874240875244,0.022021429613232613,112.27207946777344,5.382534503936768,20.48050308227539,3.0,37.0
6.040859222412109,0.026131032034754753,121.10525512695312,3.920224905014038,19.509967803955078,3.0,20.0
2.6501967906951904,0.0398360900580883,121.8828125,2.053959608078003,16.376928329467773,1.0,36.0
5.997604846954346,0.04031204432249069,137.5822296142578,3.780345916748047,26.489545822143555,3.0,25.0
2.8131935596466064,0.08360595256090164,123.329345703125,5.179870128631592,3.6602942943573,5.0,18.0
3.6726267337799072,0.13642972707748413,123.99732971191406,7.243127346038818,6.374687671661377,3.0,15.0
6.164772033691406,0.11149504035711288,119.69102478027344,5.2765326499938965,12.46219539642334,4.0,34.0
NaN,NaN,116.05030059814453,15.265008926391602,0.5893610119819641,5.0,29.0
2.8407416343688965,0.05383508279919624,124.13553619384766,4.908538341522217,4.353866100311279,3.0,17.0
2.7252418994903564,0.11574634909629822,123.76006317138672,7.649997234344482,2.5068740844726562,4.0,30.0
2.793816328048706,0.04874993860721588,127.21988677978516,4.016445636749268,5.558815002441406,3.0,25.0
0.2702699601650238,0.1872149556875229,119.97700500488281,5.298418998718262,7.285489082336426,5.0,38.0
2.794032335281372,0.055397868156433105,122.53474426269531,4.994626045227051,9.484638214111328,3.0,15.0
3.6605112552642822,0.13301239907741547,132.1073455810547,10.596192359924316,6.543669700622559,6.0,32.0
NaN,NaN,108.99299621582031,13.592277526855469,1.6569865942001343,3.0,16.0
2.78031849861145,0.019036708399653435,130.17967224121094,3.680873394012451,12.300809860229492,2.0,24.0
2.7850701808929443,0.027896204963326454,128.5844268798828,4.613372325897217,10.505228996276855,3.0,27.0
2.810743570327759,0.06489549577236176,127.32806396484375,5.089914321899414,4.786595344543457,4.0,27.0
6.168790340423584,0.11295244842767715,122.63805389404297,5.691619396209717,19.949098587036133,3.0,28.0
2.7886157035827637,0.0199897363781929,129.5443572998047,2.783531427383423,12.30232048034668,4.0,10.0
0.26835712790489197,0.1471599042415619,121.27201080322266,3.8527586460113525,8.988679885864258,4.0,21.0
NaN,NaN,129.04356384277344,7.209070682525635,0.41635558009147644,2.0,36.0
NaN,NaN,102.09767150878906,5.740821361541748,0.2612644135951996,3.0,15.0
5.999446868896484,0.03440217673778534,137.1112823486328,3.733034610748291,28.29395294189453,3.0,28.0
0.28855594992637634,0.054931096732616425,118.75801849365234,7.0113606452941895,9.849320411682129,3.0,17.0
3.601677179336548,0.05160095542669296,145.99986267089844,3.7220311164855957,6.927059650421143,1.0,32.0
NaN,NaN,128.9952850341797,7.240025520324707,0.1491910219192505,2.0,33.0
3.590880870819092,0.001953125,139.0712432861328,5.780151844024658,6.996458530426025,4.0,13.0
0.08627304434776306,0.13175995647907257,119.56352996826172,5.295284748077393,11.466402053833008,4.0,17.0
0.16018733382225037,0.07198133319616318,117.1397476196289,6.854942321777344,10.506698608398438,3.0,29.0
6.2104902267456055,0.050404250621795654,126.02030944824219,1.6108155250549316,16.566970825195312,3.0,15.0
6.156283855438232,0.046466317027807236,122.13128662109375,2.811110734939575,19.740427017211914,3.0,13.0
6.281895637512207,0.09343922138214111,120.30216979980469,4.817266464233398,13.626511573791504,3.0,25.0
6.135314464569092,0.042196087539196014,125.0103988647461,2.895477294921875,23.06350326538086,2.0,14.0
6.170060634613037,0.05464388430118561,124.08259582519531,3.0848989486694336,20.21905517578125,2.0,35.0
3.6350626945495605,0.07856322079896927,137.68109130859375,6.21584415435791,6.682092666625977,4.0,24.0
NaN,NaN,115.49732208251953,7.868114471435547,0.1037023514509201,4.0,32.0
3.590618848800659,0.001642288058064878,138.11753845214844,5.956876277923584,6.999837875366211,5.0,12.0
NaN,NaN,122.45097351074219,9.5032377243042,0.05663092061877251,5.0,18.0
3.5183591842651367,0.16252459585666656,136.86715698242188,6.797287940979004,5.934721946716309,4.0,19.0
NaN,NaN,132.077392578125,5.338904857635498,1.0360747575759888,2.0,23.0
3.7815399169921875,0.15956565737724304,136.77183532714844,6.787079811096191,4.971804141998291,4.0,34.0
NaN,NaN,119.59545135498047,8.392297744750977,0.7324192523956299,5.0,23.0
4.584109306335449,0.4991486072540283,126.19416046142578,7.552485466003418,1.8173586130142212,6.0,22.0
3.8863937854766846,0.062370166182518005,135.72938537597656,4.593856334686279,3.4726827144622803,4.0,24.0
4.188790321350098,4.8828125E-4,128.6948699951172,5.684236526489258,1.9949430227279663,5.0,15.0
3.839724063873291,3.8602022686973214E-4,135.69578552246094,5.634713649749756,3.000000238418579,4.0,15.0
4.188790798187256,4.8828125E-4,131.0474853515625,5.356253623962402,2.0,3.0,16.0
3.83972430229187,3.452669770922512E-4,134.60337829589844,5.282451629638672,3.0000016689300537,4.0,20.0
4.217121124267578,0.06997259706258774,126.2309799194336,8.173054695129395,2.1249771118164062,2.0,27.0
3.864147663116455,0.08055493980646133,135.3884735107422,6.7553510665893555,2.901639699935913,3.0,35.0
4.339256763458252,0.08816215395927429,131.21482849121094,5.81468391418457,3.5000882148742676,3.0,40.0
4.193841457366943,0.014894579537212849,131.16781616210938,3.547391176223755,2.0281639099121094,2.0,21.0
3.9115288257598877,0.13365311920642853,128.36337280273438,6.060727596282959,2.7054669857025146,2.0,19.0
4.312508583068848,0.0951133742928505,122.41973876953125,3.1746063232421875,3.0505762100219727,2.0,22.0
4.331245422363281,0.14597854018211365,137.02793884277344,3.8132684230804443,3.9815115928649902,1.0,42.0
0.8155941963195801,0.13798806071281433,104.24540710449219,14.320821762084961,2.566135883331299,1.0,41.0
0.9477465748786926,0.13401341438293457,109.75247955322266,9.316222190856934,2.2127397060394287,2.0,15.0
0.7224804162979126,0.08178127557039261,87.3698959350586,20.9842529296875,2.915747880935669,6.0,22.0
0.7552765011787415,0.17619580030441284,81.84741973876953,24.241743087768555,2.7241017818450928,5.0,26.0
0.9463496208190918,0.15443703532218933,103.68257904052734,14.83944034576416,2.251056432723999,2.0,13.0
1.0471974611282349,3.452669770922512E-4,112.18585968017578,11.02505111694336,1.9999996423721313,3.0,23.0
0.7698968052864075,0.107395239174366,92.75288391113281,22.536319732666016,2.736687183380127,2.0,30.0
1.0471974611282349,7.720404537394643E-4,76.27947235107422,15.817255020141602,2.000000238418579,4.0,24.0
1.047197699546814,6.905339541845024E-4,44.53685760498047,18.11298179626465,1.999999761581421,3.0,21.0
0.7514892220497131,0.1361735761165619,77.8038330078125,17.957971572875977,2.7247331142425537,4.0,31.0
0.8398523926734924,0.15639032423496246,63.35625457763672,26.379974365234375,2.523902416229248,5.0,34.0
0.9014633297920227,0.2486037313938141,67.88761138916016,27.223691940307617,2.855421543121338,4.0,46.0
0.8635838031768799,0.16300606727600098,56.7234992980957,32.352840423583984,3.5535247325897217,5.0,70.0
1.047197699546814,3.452669770922512E-4,100.07966613769531,20.598134994506836,1.9999992847442627,2.0,20.0
1.0471973419189453,3.452669770922512E-4,76.41438293457031,26.324819564819336,2.0,5.0,44.0
0.9685624241828918,0.2937781810760498,110.30048370361328,15.071185111999512,2.020854949951172,3.0,23.0
0.805864155292511,0.60279780626297,81.73828125,20.16680908203125,1.8923025131225586,5.0,28.0
1.0471974611282349,5.980199784971774E-4,71.18159484863281,34.39813995361328,1.916406273841858,5.0,51.0
0.7803283929824829,0.13856889307498932,110.16029357910156,11.40761947631836,2.6854894161224365,2.0,20.0
1.047197699546814,3.452669770922512E-4,107.68690490722656,13.762423515319824,1.9999984502792358,2.0,25.0
NaN,NaN,30.13751220703125,11.326104164123535,1.1810781955718994,4.0,14.0
0.7100980281829834,0.08850089460611343,45.50130844116211,23.529132843017578,3.0627644062042236,3.0,40.0
0.8195095062255859,0.07077804952859879,95.24310302734375,24.0518856048584,5.988892078399658,1.0,31.0
NaN,NaN,122.89897918701172,9.327064514160156,0.5710220336914062,1.0,33.0
0.7737179398536682,0.13352259993553162,106.51728820800781,14.16604232788086,2.6854329109191895,2.0,17.0
NaN,NaN,68.70708465576172,33.78315734863281,2.193242073059082,6.0,71.0
NaN,NaN,94.03104400634766,22.114294052124023,0.20429736375808716,4.0,50.0
5.999932289123535,0.4224352538585663,122.20398712158203,13.897714614868164,2.078450918197632,2.0,42.0
NaN,NaN,114.8890609741211,13.093414306640625,0.736635148525238,3.0,14.0
NaN,NaN,62.27399826049805,28.796955108642578,0.792911946773529,2.0,53.0
0.738603413105011,0.16710922122001648,89.299072265625,26.094741821289062,2.7576560974121094,4.0,45.0
0.39783892035484314,0.37398263812065125,47.691383361816406,12.006997108459473,3.081291675567627,4.0,25.0
NaN,NaN,94.60072326660156,20.052154541015625,0.9524663090705872,1.0,29.0
NaN,NaN,67.0397720336914,25.15338706970215,1.2181527614593506,3.0,48.0
NaN,NaN,109.6538314819336,16.210588455200195,0.4999043941497803,1.0,19.0
0.6671028733253479,0.13298830389976501,96.56995391845703,28.17722511291504,2.944052219390869,7.0,14.0
6.093719959259033,0.4759337306022644,81.5428466796875,9.40375804901123,2.1182608604431152,2.0,25.0
NaN,NaN,62.34172439575195,31.388622283935547,0.42328307032585144,5.0,26.0
0.6981320977210999,6.905339541845024E-4,107.81542205810547,19.196455001831055,3.0,6.0,26.0
0.7528619766235352,0.1053604707121849,110.6719741821289,14.581565856933594,2.785037040710449,2.0,25.0
NaN,NaN,92.48249053955078,21.51305389404297,0.7565046548843384,6.0,25.0
5.759585857391357,0.0011960399569943547,95.19642639160156,22.282630920410156,1.9999996423721313,6.0,28.0
1.0471973419189453,6.905339541845024E-4,45.61546325683594,17.54386329650879,1.9999995231628418,4.0,24.0
1.0725330114364624,0.1655554324388504,70.9569091796875,30.685367584228516,2.3554203510284424,4.0,40.0
0.5644369721412659,0.5071811079978943,102.59368896484375,21.115127563476562,2.5231099128723145,7.0,37.0
NaN,NaN,148.10879516601562,5.7611985206604,1.6087772846221924,6.0,21.0
1.047197699546814,0.0,102.19462585449219,22.36271095275879,1.4897948503494263,2.0,21.0
0.7432581186294556,0.12969130277633667,81.87875366210938,25.643476486206055,2.7524657249450684,1.0,48.0
1.0471975803375244,4.8828125E-4,76.62018585205078,19.56765365600586,1.9999992847442627,5.0,31.0
0.7904873490333557,0.2412603497505188,52.91612243652344,15.427691459655762,2.3974461555480957,3.0,28.0
0.8159244656562805,0.14436618983745575,69.35747528076172,33.05632781982422,2.5275752544403076,4.0,46.0
0.7225854992866516,0.07905935496091843,118.93572998046875,10.86642074584961,2.875558853149414,1.0,22.0
0.7183740735054016,0.23736295104026794,66.43426513671875,31.95218849182129,3.6689202785491943,5.0,32.0
0.23928961157798767,0.550834059715271,101.90894317626953,21.476390838623047,2.387162685394287,5.0,45.0
NaN,NaN,69.2483901977539,33.09313201904297,0.9810205101966858,4.0,25.0
0.6943827271461487,0.031686123460531235,79.52521514892578,21.10340118408203,2.9916388988494873,5.0,24.0
0.3746524751186371,0.48588865995407104,127.0953140258789,9.054360389709473,2.5415842533111572,2.0,20.0
0.7380255460739136,0.27892187237739563,54.47987365722656,15.664957046508789,2.68678617477417,4.0,31.0
1.047197699546814,3.452669770922512E-4,109.81065368652344,14.513026237487793,1.9999992847442627,3.0,26.0
0.7682680487632751,0.1336102932691574,120.43446350097656,15.5167818069458,2.737872838973999,1.0,36.0
5.979238510131836,0.45906955003738403,112.85247039794922,16.15552520751953,2.0945889949798584,5.0,33.0
5.832432270050049,0.5293837785720825,75.01687622070312,28.25674057006836,2.0859744548797607,4.0,45.0
0.5665193200111389,0.2758473753929138,52.78584671020508,4.653102874755859,2.686211585998535,3.0,9.0
0.06563529372215271,0.5790200233459473,67.97038269042969,28.567567825317383,2.3258872032165527,3.0,41.0
0.6981314420700073,3.452669770922512E-4,53.27748489379883,14.626468658447266,3.0,1.0,44.0
1.0374133586883545,0.04885619133710861,49.79096221923828,26.53873062133789,2.0238091945648193,4.0,20.0
0.6981311440467834,4.2286395910196006E-4,122.08484649658203,8.880060195922852,3.0000030994415283,2.0,11.0
0.8127914071083069,0.23655803501605988,90.78301239013672,19.90073013305664,2.4951515197753906,4.0,32.0
1.047197699546814,8.457279182039201E-4,59.83854675292969,30.3770694732666,1.6451785564422607,4.0,22.0
0.6981321573257446,6.905339541845024E-4,98.66259765625,18.2906494140625,2.9999992847442627,5.0,32.0
1.0471978187561035,6.905339541845024E-4,91.11251831054688,20.14158821105957,1.9998979568481445,6.0,18.0
5.902540683746338,0.3772578537464142,84.82637786865234,30.272371292114258,2.0433576107025146,3.0,31.0
0.9909852147102356,0.116132952272892,73.70879364013672,33.51459503173828,2.127450704574585,4.0,49.0
0.8838949203491211,0.14993435144424438,116.27628326416016,10.658952713012695,2.373605966567993,3.0,16.0
0.4715641438961029,0.4096653461456299,88.95745086669922,28.92444610595703,2.686161756515503,6.0,28.0
NaN,NaN,77.27571105957031,32.589622497558594,1.869782567024231,5.0,31.0
0.6981315612792969,1.726334885461256E-4,89.01288604736328,18.28677749633789,3.0,4.0,26.0
0.5585487484931946,0.3639526665210724,61.543819427490234,21.1555118560791,2.7497408390045166,5.0,29.0
0.6981317400932312,2.44140625E-4,99.51774597167969,13.66279125213623,2.9999990463256836,4.0,29.0
1.047197699546814,3.452669770922512E-4,100.0920181274414,21.85487937927246,1.9999980926513672,3.0,12.0
0.5084338784217834,0.4434475600719452,106.20441436767578,20.020034790039062,2.8071482181549072,3.0,24.0
0.6981318593025208,0.0,116.05195617675781,14.381452560424805,2.9999983310699463,2.0,16.0
0.6981316208839417,2.44140625E-4,98.42821502685547,16.007291793823242,3.0,3.0,28.0
0.6981316208839417,3.8602022686973214E-4,125.87239074707031,9.79576587677002,3.0,4.0,20.0
0.6981312036514282,5.725605296902359E-4,44.939491271972656,6.092287540435791,2.999999761581421,3.0,34.0
0.6981315612792969,1.726334885461256E-4,123.49264526367188,10.781974792480469,2.9999992847442627,3.0,18.0