0.7507253289222717,0.5197955369949341,97.32239532470703,54.7601318359375,2.88122820854187,6.0,36.0
0.6527767777442932,0.46694496273994446,144.48529052734375,44.544898986816406,5.388463973999023,5.0,30.0
6.227507591247559,0.3936479687690735,162.49795532226562,40.97700881958008,4.2518110275268555,5.0,35.0
0.151157945394516,0.4022892415523529,175.2619171142578,31.546964645385742,2.600501298904419,1.0,20.0
0.39828309416770935,0.33975815773010254,75.25005340576172,37.24954605102539,4.669514179229736,6.0,26.0
0.8615512847900391,0.026736464351415634,95.3141860961914,30.010040283203125,6.237001895904541,5.0,10.0
0.6576269268989563,0.02679770067334175,131.38514709472656,32.81134033203125,2.366647958755493,6.0,6.0
0.8157075047492981,0.5362057089805603,126.53434753417969,46.6363525390625,2.1643502712249756,6.0,20.0
3.439772129058838,0.362416535615921,196.74996948242188,26.030031204223633,1.3153983354568481,2.0,13.0
0.3277059495449066,0.5666318535804749,121.07054901123047,46.57514572143555,3.4636754989624023,5.0,18.0
1.511406421661377,1.2198752164840698,121.88720703125,45.68599319458008,1.7947825193405151,5.0,22.0
0.7382794618606567,0.1635248363018036,93.36614227294922,30.137203216552734,6.291377067565918,5.0,19.0
0.8257909417152405,0.06136823073029518,50.89480972290039,26.486083984375,6.808014869689941,5.0,18.0
0.7188099026679993,0.02559637278318405,47.69256591796875,21.153820037841797,3.8989388942718506,5.0,13.0
0.7166985869407654,0.10023125261068344,104.74987030029297,58.17351150512695,3.0375163555145264,3.0,36.0
5.507027626037598,1.0417886972427368,188.9740753173828,28.131040573120117,1.4949569702148438,1.0,26.0
0.6606627106666565,0.5920578837394714,152.31100463867188,45.023216247558594,2.952927350997925,1.0,34.0
0.7059038281440735,0.004143203608691692,58.09783172607422,41.29759216308594,3.9487040042877197,3.0,26.0
0.5594034790992737,0.36846184730529785,124.0256576538086,44.89236068725586,2.373027801513672,4.0,26.0
0.7878256440162659,0.15084967017173767,49.411067962646484,15.570757865905762,6.112725257873535,3.0,29.0
0.8905869126319885,0.21824219822883606,95.6204833984375,60.82720947265625,4.935991287231445,9.0,46.0
0.7070963978767395,0.0068359375,122.3099594116211,39.762969970703125,2.5619823932647705,4.0,29.0
0.6808765530586243,0.3549048900604248,190.08126831054688,28.086292266845703,2.957681179046631,2.0,18.0
0.3718479573726654,0.38639184832572937,199.64471435546875,20.172595977783203,0.5942007899284363,1.0,23.0
0.7147350907325745,0.015878528356552124,168.51199340820312,25.492185592651367,1.4591745138168335,1.0,24.0
0.8021529316902161,0.3804033696651459,160.41917419433594,35.965423583984375,3.26045560836792,2.0,31.0
0.5676265358924866,0.22486822307109833,118.01567840576172,25.8741512298584,2.478574275970459,5.0,13.0
0.7535966038703918,0.09063636511564255,76.58293151855469,40.20627212524414,3.415066719055176,5.0,24.0
0.6308000683784485,0.3246229588985443,99.9006118774414,53.38459396362305,4.1577467918396,5.0,30.0
0.7099807262420654,0.004200354218482971,97.01205444335938,26.527936935424805,2.9965710639953613,2.0,30.0
0.8384137749671936,0.30009084939956665,96.38813781738281,48.76133728027344,6.109288215637207,4.0,45.0
0.8631952404975891,0.21631686389446259,192.39686584472656,23.97972869873047,2.5188024044036865,2.0,40.0
0.8301039338111877,0.25490525364875793,96.27316284179688,34.385494232177734,2.795652389526367,5.0,23.0
0.8703956007957458,0.015438878908753395,132.79518127441406,18.24459457397461,5.041046619415283,1.0,37.0
0.6662984490394592,0.4112812280654907,130.29307556152344,57.9302864074707,4.278596878051758,3.0,42.0
0.382086843252182,0.48857608437538147,121.4942626953125,55.178688049316406,4.347741603851318,6.0,42.0
0.40200814604759216,0.5369690656661987,117.67961883544922,56.25403594970703,4.787044525146484,7.0,32.0
0.8394559025764465,0.05387050285935402,88.80912780761719,39.41872024536133,5.9788618087768555,5.0,38.0
0.7845192551612854,0.09004256129264832,82.7222671508789,21.929241180419922,4.132844924926758,4.0,11.0
0.853035032749176,0.0035210461355745792,75.18898010253906,17.396541595458984,6.902581691741943,4.0,35.0
NaN,NaN,241.7343292236328,27.539247512817383,0.2207958996295929,11.0,20.0
0.6873446106910706,0.4299049377441406,116.83344268798828,50.47340393066406,4.32397985458374,4.0,41.0
0.8335261940956116,0.4067520499229431,69.61766052246094,38.52332305908203,6.619448184967041,4.0,17.0
0.7133699059486389,0.01657281443476677,72.39796447753906,36.34182357788086,3.541846990585327,5.0,16.0
NaN,NaN,251.09942626953125,17.120323181152344,0.06507276743650436,23.0,37.0
0.7107791900634766,0.02401529811322689,102.5152587890625,64.3162841796875,3.070701837539673,7.0,29.0
0.7384880185127258,0.05626051127910614,168.50949096679688,42.24833679199219,1.5407907962799072,3.0,10.0
0.678650438785553,0.8525418639183044,99.80123138427734,55.66939163208008,3.0995054244995117,6.0,36.0
0.7419682145118713,0.45222118496894836,113.71548461914062,41.7935905456543,2.6120169162750244,5.0,30.0
0.5991066098213196,0.3339143991470337,73.59062194824219,41.89151382446289,3.429135322570801,4.0,17.0
1.229535460472107,0.22185814380645752,170.5668487548828,35.04241180419922,3.5499517917633057,1.0,16.0
0.6153307557106018,0.1928778886795044,44.907936096191406,28.193477630615234,8.4847412109375,4.0,16.0
0.7173972725868225,0.1933886557817459,58.25537872314453,53.13204574584961,3.64577317237854,5.0,21.0
0.8513732552528381,0.06437910348176956,89.52193450927734,49.797401428222656,6.139547348022461,5.0,48.0
0.47861823439598083,0.41219615936279297,102.9134750366211,53.75581359863281,5.336182117462158,12.0,28.0
0.6325147747993469,0.3014542758464813,94.49937438964844,51.44165802001953,3.1585583686828613,3.0,38.0
0.8060250878334045,0.174835205078125,98.52509307861328,33.678279876708984,5.777525424957275,4.0,17.0
NaN,NaN,255.95980834960938,2.240431070327759,0.0024436963722109795,2008.0,2599.0
0.6950419545173645,0.0070420922711491585,86.52671813964844,27.668235778808594,3.4659171104431152,3.0,33.0
0.739591658115387,0.5131266713142395,143.33154296875,49.20242691040039,3.4471418857574463,1.0,26.0
NaN,NaN,250.0832061767578,15.765989303588867,0.1331627070903778,18.0,33.0
0.7029038667678833,0.001035800902172923,91.71157836914062,35.22227096557617,3.244152307510376,5.0,26.0
0.3698171079158783,0.6503832936286926,128.5043487548828,49.490962982177734,3.727839946746826,7.0,26.0
0.7896571755409241,0.14461638033390045,48.22077178955078,22.263431549072266,5.770982265472412,4.0,12.0
0.772436797618866,0.19406400620937347,80.41551971435547,53.34090042114258,3.4445488452911377,5.0,19.0
0.9073174595832825,0.07925212383270264,120.13255310058594,38.9884033203125,4.269741535186768,4.0,38.0
0.6364803910255432,0.1534881591796875,79.34944152832031,36.40021896362305,3.592155933380127,3.0,28.0
1.1429861783981323,0.12678775191307068,184.69850158691406,30.502944946289062,3.2169110774993896,3.0,14.0
0.7149078249931335,0.009360493160784245,34.291725158691406,14.381108283996582,4.554437160491943,3.0,15.0
0.797228217124939,0.1521487832069397,79.58333587646484,42.78349304199219,3.6382153034210205,5.0,22.0
0.8457978367805481,0.013210692442953587,68.56287384033203,43.10207748413086,6.441789150238037,10.0,10.0
1.0244349241256714,0.10119562596082687,186.0976104736328,27.09848976135254,2.601562261581421,1.0,26.0
0.9724634289741516,0.04969926178455353,201.31507873535156,24.194604873657227,2.228925943374634,2.0,17.0
0.8939951658248901,0.045938678085803986,117.54202270507812,44.48965072631836,5.038781642913818,5.0,36.0
0.6311531662940979,0.31303054094314575,91.88997650146484,58.64402770996094,3.5071146488189697,2.0,29.0
0.697321355342865,0.0067878118716180325,143.8914337158203,45.051231384277344,2.2650537490844727,6.0,37.0
0.8718593716621399,0.025390625,155.01681518554688,44.025516510009766,3.44639253616333,6.0,30.0
0.6127999424934387,0.18644928932189941,103.66248321533203,29.837711334228516,2.58965802192688,3.0,28.0
0.870204746723175,0.039547767490148544,115.67149353027344,45.332916259765625,5.453018665313721,4.0,46.0
0.29230913519859314,0.7886000871658325,178.5743408203125,33.964393615722656,2.0094833374023438,1.0,25.0
0.6864157319068909,0.2648465633392334,106.68424224853516,52.68409729003906,2.9545929431915283,8.0,32.0
0.6759143471717834,0.5286577343940735,111.08145904541016,55.447723388671875,3.0494019985198975,4.0,51.0
0.7055034637451172,0.0024777567014098167,90.26294708251953,48.526432037353516,3.441161632537842,5.0,27.0
0.2799714505672455,0.5784837007522583,113.45819091796875,51.71439743041992,4.684305667877197,4.0,71.0
0.8211236596107483,0.23735491931438446,98.01024627685547,53.90387725830078,4.246469497680664,5.0,48.0
0.8262377381324768,0.12574546039104462,129.78775024414062,46.51461410522461,4.2184157371521,5.0,34.0
0.8584070801734924,0.006827212404459715,200.01742553710938,21.005115509033203,2.2017199993133545,2.0,18.0
0.6018641591072083,0.2870396077632904,109.7416763305664,44.712669372558594,2.9243886470794678,3.0,39.0
0.8496148586273193,0.005720397923141718,129.52886962890625,38.81632614135742,4.779398441314697,4.0,25.0
0.5192680954933167,0.42833706736564636,93.25434875488281,40.311302185058594,5.101783275604248,3.0,21.0
0.46720966696739197,0.8753035068511963,121.05964660644531,59.2001953125,3.8494150638580322,3.0,31.0
0.4265340268611908,0.27635857462882996,122.10084533691406,52.113990783691406,3.5593442916870117,7.0,21.0
4.281456470489502,0.05902550742030144,201.31069946289062,19.357955932617188,10.767630577087402,1.0,67.0
6.146552085876465,0.505559504032135,204.5858917236328,18.222152709960938,27.25596046447754,3.0,37.0
4.326126575469971,0.022140203043818474,172.59825134277344,16.496448516845703,20.741018295288086,4.0,31.0
4.192905902862549,0.11673904955387115,222.2186737060547,6.084688663482666,6.405824184417725,1.0,63.0
4.261227130889893,0.07892882078886032,172.8173370361328,20.741291046142578,9.593693733215332,3.0,48.0
6.096712589263916,0.13396714627742767,189.4882354736328,14.309497833251953,19.909215927124023,2.0,37.0
4.346540451049805,0.018112536519765854,163.88336181640625,3.5633223056793213,19.1077823638916,2.0,13.0
4.256016731262207,0.046486835926771164,194.70021057128906,16.89605140686035,12.061753273010254,5.0,8.0
4.321639537811279,0.0234375,168.94046020507812,4.70559024810791,17.69942283630371,2.0,26.0
4.331032752990723,0.019677188247442245,209.2395782470703,13.940162658691406,19.012102127075195,1.0,34.0
4.273196220397949,0.004858336877077818,191.88270568847656,7.124725818634033,12.843908309936523,1.0,31.0
4.316719055175781,0.020297469571232796,213.04063415527344,13.389886856079102,20.200420379638672,1.0,21.0
NaN,NaN,254.97218322753906,0.16535945236682892,0.00961432047188282,128.0,218.0
4.2126946449279785,0.10012801736593246,181.85621643066406,26.870420455932617,9.588501930236816,3.0,32.0
5.9933857917785645,0.0230683833360672,207.70045471191406,12.359522819519043,52.08737564086914,4.0,69.0
4.3205695152282715,0.02935175597667694,213.23324584960938,15.518763542175293,28.05567741394043,1.0,59.0
4.330395698547363,0.009366858750581741,146.03236389160156,22.72715187072754,35.38628387451172,5.0,49.0
4.3794660568237305,0.37659117579460144,180.6845703125,30.205610275268555,4.846922874450684,5.0,61.0
6.02534294128418,0.050328511744737625,200.8723602294922,16.83258628845215,37.896629333496094,5.0,46.0
2.890490770339966,0.035183366388082504,205.16424560546875,14.490568161010742,38.13532257080078,3.0,26.0
4.52187442779541,0.10706616938114166,175.4346466064453,31.040422439575195,6.491477966308594,4.0,38.0
2.823918104171753,0.039824116975069046,198.76661682128906,17.790666580200195,46.808197021484375,6.0,35.0
NaN,NaN,255.0,0.9842509627342224,0.0,47.0,213.0
4.534794330596924,0.2970213294029236,156.31759643554688,37.914634704589844,5.573616981506348,3.0,24.0
2.817082166671753,0.030438372865319252,195.53939819335938,16.90379524230957,43.959739685058594,3.0,26.0
6.029444217681885,0.035627804696559906,204.9688720703125,14.868432998657227,49.040321350097656,5.0,35.0
4.446529388427734,0.15737926959991455,206.61766052246094,20.366371154785156,4.606984615325928,1.0,53.0
6.055975437164307,0.050968702882528305,205.16836547851562,13.880348205566406,41.16655349731445,4.0,30.0
2.9423811435699463,0.11155062913894653,209.25311279296875,14.328866004943848,24.239545822143555,4.0,22.0
4.325534343719482,0.004099818412214518,148.177978515625,5.621005535125732,37.41857147216797,3.0,12.0
4.298900604248047,0.03913567215204239,194.5655059814453,26.063549041748047,25.421892166137695,1.0,30.0
4.322810649871826,0.025239937007427216,177.40000915527344,23.000720977783203,41.247615814208984,2.0,83.0
4.551756858825684,0.24227435886859894,145.36273193359375,20.58153533935547,5.477222442626953,3.0,36.0
2.7721612453460693,0.032623618841171265,215.11538696289062,9.828609466552734,21.393592834472656,3.0,23.0
2.778167963027954,0.020391223952174187,192.5606689453125,16.22726821899414,31.522470474243164,4.0,33.0
4.318328857421875,0.018917353823781013,161.3220977783203,27.37157440185547,28.477060317993164,1.0,37.0
6.102476596832275,0.07284396886825562,224.31463623046875,8.946891784667969,21.17926025390625,1.0,34.0
4.423346996307373,0.2235115021467209,170.50753784179688,26.754817962646484,7.689608573913574,4.0,55.0
2.7703073024749756,0.017953883856534958,203.93312072753906,13.572576522827148,23.799718856811523,3.0,20.0
6.051183223724365,0.03761984407901764,200.07693481445312,13.55155086517334,42.97263717651367,2.0,21.0
4.287442684173584,0.03940886631608009,184.3574981689453,26.613994598388672,34.136192321777344,2.0,62.0
2.7710771560668945,0.0346851572394371,206.81761169433594,12.856935501098633,16.631420135498047,3.0,40.0
2.7738778591156006,0.027203883975744247,203.1412811279297,15.468718528747559,23.500703811645508,3.0,43.0
4.560933589935303,0.7704907655715942,189.8379364013672,27.269559860229492,4.955663681030273,4.0,23.0
6.060599327087402,0.08906014263629913,207.14036560058594,13.326430320739746,32.729007720947266,3.0,42.0
2.7473838329315186,0.11213047057390213,199.02561950683594,17.2530574798584,17.655685424804688,5.0,73.0
2.7998902797698975,0.026493476703763008,212.23834228515625,9.992575645446777,12.52466869354248,2.0,39.0
5.929631233215332,1.2094734907150269,199.74879455566406,20.90697479248047,2.7784109115600586,6.0,39.0
4.285703659057617,0.04468774050474167,182.24020385742188,27.008100509643555,23.344316482543945,3.0,56.0
2.7837297916412354,0.04202624037861824,207.15011596679688,12.455389022827148,10.343733787536621,4.0,39.0
0.06102403625845909,0.07892655581235886,200.3614501953125,16.601486206054688,11.405760765075684,4.0,38.0
5.123996257781982,0.47601062059402466,202.98672485351562,18.300230026245117,3.3258111476898193,4.0,40.0
5.4211015701293945,0.37242066860198975,194.54747009277344,20.254436492919922,3.388519525527954,4.0,40.0
4.230020523071289,0.365604966878891,198.75149536132812,22.104686737060547,5.444854736328125,4.0,50.0
4.273998260498047,0.24188804626464844,189.29542541503906,23.991941452026367,10.452088356018066,3.0,57.0
4.324583053588867,0.09607111662626266,173.101806640625,27.34837532043457,21.82123374938965,2.0,36.0
6.144245147705078,0.08125445991754532,206.09507751464844,13.57703685760498,24.504064559936523,3.0,61.0
4.317635536193848,0.052630286663770676,188.08999633789062,21.782751083374023,31.568130493164062,4.0,57.0
4.331482887268066,0.029329409822821617,207.73854064941406,16.970216751098633,29.796327590942383,4.0,41.0
4.340071201324463,0.06461568176746368,182.67662048339844,26.335575103759766,22.521373748779297,3.0,63.0
2.7793729305267334,0.03094331920146942,217.71240234375,6.96980094909668,8.859077453613281,4.0,26.0
4.518723964691162,0.29660505056381226,195.78256225585938,23.30336570739746,7.653192043304443,4.0,49.0
2.8179705142974854,0.06132936850190163,205.65280151367188,13.815186500549316,20.694473266601562,3.0,21.0
4.622207164764404,0.12889885902404785,200.0359649658203,22.292707443237305,5.846879482269287,3.0,30.0
4.36512565612793,0.06986347585916519,190.2734832763672,27.800067901611328,19.95314598083496,2.0,76.0
2.7527687549591064,0.0908518061041832,202.7813720703125,15.72815990447998,19.541728973388672,3.0,19.0
NaN,NaN,254.994140625,0.927024781703949,0.0026166741736233234,139.0,202.0
5.658196449279785,0.6919925808906555,186.764404296875,24.939537048339844,2.6767687797546387,5.0,35.0
2.806756019592285,0.15622711181640625,205.2063446044922,13.391490936279297,13.475981712341309,3.0,51.0
4.883728504180908,0.4714246094226837,187.28176879882812,23.087554931640625,3.613128900527954,5.0,35.0
6.173890113830566,0.053094834089279175,211.5326385498047,10.466837882995605,20.937578201293945,2.0,47.0
4.864721298217773,0.475162148475647,219.80068969726562,11.931117057800293,2.79158353805542,1.0,24.0
2.7880637645721436,0.0390625,212.03790283203125,10.1421537399292,10.75473690032959,4.0,30.0
2.7717342376708984,0.13295423984527588,216.36306762695312,8.88467788696289,16.209278106689453,2.0,32.0
4.359681606292725,0.02335597760975361,190.2355499267578,21.98232650756836,24.79463768005371,2.0,85.0
2.816770315170288,0.03716073930263519,217.84596252441406,6.958021640777588,8.496746063232422,2.0,16.0
2.827864408493042,0.093076191842556,205.23170471191406,11.898003578186035,14.178953170776367,2.0,30.0
2.671797275543213,0.1351754367351532,194.7523956298828,17.133665084838867,19.67576026916504,2.0,25.0
4.783329963684082,0.4788401126861572,185.508544921875,25.116680145263672,6.771337509155273,4.0,37.0
4.531110763549805,0.11955215036869049,183.75376892089844,23.18488883972168,6.660844802856445,3.0,29.0
2.8182084560394287,0.14582370221614838,207.66490173339844,14.908706665039062,10.779376029968262,3.0,24.0
2.834322929382324,0.17198871076107025,213.3245849609375,12.35399055480957,9.753853797912598,3.0,50.0
2.8254878520965576,0.0605783686041832,208.28842163085938,11.20302677154541,14.874829292297363,7.0,32.0
2.821369171142578,0.054205816239118576,220.71231079101562,7.030069351196289,15.227469444274902,4.0,42.0
2.59611439704895,0.07122883945703506,203.62106323242188,13.088788986206055,11.199734687805176,4.0,32.0
0.025926439091563225,0.11994238942861557,207.00511169433594,12.01821517944336,17.452741622924805,3.0,33.0
4.364470958709717,0.043695032596588135,189.2819061279297,26.556690216064453,17.812196731567383,1.0,71.0
4.538656711578369,0.43113216757774353,191.57151794433594,26.68325424194336,5.673479080200195,3.0,42.0
0.04781874641776085,0.18881021440029144,209.83236694335938,13.844138145446777,12.206744194030762,4.0,46.0
2.6792805194854736,0.15885433554649353,206.88235473632812,15.172832489013672,9.091813087463379,3.0,37.0
0.6624887585639954,0.7941410541534424,180.8902130126953,26.772624969482422,2.9290480613708496,4.0,38.0
4.368366718292236,0.022177862003445625,183.65989685058594,24.00528907775879,21.6516056060791,2.0,51.0
6.187532901763916,0.06108006089925766,217.9333953857422,9.455074310302734,23.730009078979492,4.0,36.0
6.216294765472412,0.05792258679866791,200.88626098632812,3.0637753009796143,22.34477996826172,3.0,10.0
5.779465675354004,0.7686052322387695,196.8420867919922,24.478546142578125,2.257904529571533,5.0,56.0
2.803760051727295,0.12263735383749008,205.61093139648438,13.923620223999023,14.903851509094238,3.0,39.0
2.7949931621551514,0.03023403510451317,210.74639892578125,11.234711647033691,19.440528869628906,4.0,37.0
4.369687557220459,0.02166120335459709,180.10360717773438,23.032670974731445,24.35796356201172,2.0,53.0
4.385805606842041,0.02703685127198696,183.1759796142578,30.0137996673584,19.276002883911133,1.0,54.0
6.2441606521606445,0.07985749840736389,217.42327880859375,9.50493335723877,20.40456771850586,4.0,22.0
2.87139630317688,0.039800163358449936,219.65293884277344,8.560674667358398,16.26093101501465,3.0,23.0
0.060917701572179794,0.07370297610759735,204.63595581054688,7.3372979164123535,18.614490509033203,4.0,11.0
0.15557894110679626,0.12263540923595428,220.30075073242188,7.7899675369262695,11.626922607421875,3.0,16.0
2.6880061626434326,0.05793904885649681,205.9769744873047,13.187203407287598,22.24986457824707,4.0,48.0
1.4919136762619019,0.47614607214927673,225.3174285888672,5.486845016479492,2.4696993827819824,2.0,15.0
0.18832167983055115,0.07551171630620956,211.4264678955078,12.428703308105469,14.004289627075195,6.0,40.0
0.06349906325340271,0.38430556654930115,213.15966796875,9.716690063476562,8.315775871276855,4.0,33.0
0.02027973346412182,0.10062859207391739,201.27694702148438,11.24600601196289,16.025127410888672,3.0,14.0
6.14044713973999,0.08607610315084457,220.73309326171875,7.633448123931885,19.20686149597168,4.0,33.0
6.155325889587402,0.8259190320968628,187.02281188964844,25.80447769165039,2.8394925594329834,3.0,25.0
6.231642723083496,0.777058482170105,191.0265350341797,22.733510971069336,2.7553036212921143,4.0,27.0
0.02188667468726635,0.12612788379192352,222.20716857910156,6.5625,14.988783836364746,2.0,30.0
0.009126750752329826,0.11256762593984604,209.30838012695312,8.281190872192383,16.2014217376709,3.0,19.0
5.632745742797852,1.196652889251709,188.87220764160156,24.950576782226562,2.9953503608703613,5.0,31.0
6.168830871582031,0.07571981102228165,216.27435302734375,7.014772415161133,28.345609664916992,3.0,16.0
4.414085388183594,0.04544033482670784,171.65322875976562,29.915603637695312,12.752232551574707,3.0,35.0
6.1063079833984375,0.054512836039066315,217.93026733398438,9.57760238647461,27.05191993713379,2.0,33.0
6.086266040802002,0.025239937007427216,220.16880798339844,7.307690620422363,37.712833404541016,3.0,38.0
6.079853057861328,0.02269326150417328,221.451904296875,5.441808700561523,39.91841125488281,3.0,34.0
4.616686820983887,0.5715118646621704,186.02154541015625,27.943931579589844,3.712862730026245,4.0,25.0
2.8056516647338867,0.13637128472328186,205.0797119140625,14.270817756652832,15.699387550354004,4.0,32.0
2.8458430767059326,0.13013221323490143,214.93722534179688,10.2213773727417,14.47354793548584,4.0,53.0
4.484561443328857,0.288318395614624,181.47946166992188,29.179000854492188,4.092841625213623,4.0,39.0
4.527354717254639,0.5657494068145752,191.227294921875,27.785520553588867,4.587913990020752,5.0,43.0
2.581348180770874,0.15604233741760254,217.17845153808594,8.109119415283203,7.917633056640625,3.0,19.0
2.313920736312866,0.13577204942703247,219.6360321044922,8.891929626464844,3.7717034816741943,2.0,17.0
6.240789413452148,0.12420784682035446,247.234375,2.0213701725006104,2.2888023853302,5.0,9.0
6.107995986938477,0.6155939102172852,231.63990783691406,7.930607318878174,2.1663670539855957,1.0,41.0
6.214755535125732,0.3708186745643616,230.19009399414062,8.73816204071045,4.684378147125244,4.0,32.0
0.24248751997947693,0.24979200959205627,212.05368041992188,6.752892971038818,4.382964611053467,3.0,18.0
0.21300610899925232,0.3723982572555542,216.0897674560547,8.328930854797363,3.19594144821167,2.0,41.0
6.120106220245361,0.7368531227111816,213.72369384765625,13.604342460632324,2.7511508464813232,4.0,31.0
0.23969444632530212,0.1733143925666809,199.98570251464844,4.799088478088379,5.478271961212158,2.0,18.0
5.638758659362793,0.7243372201919556,226.906494140625,8.693343162536621,2.915815830230713,1.0,40.0
6.253637313842773,0.3127409815788269,219.98207092285156,10.045988082885742,4.515355110168457,3.0,31.0
5.085638523101807,0.7357723116874695,238.8795928955078,5.5445637702941895,2.801457405090332,1.0,36.0
4.82049036026001,0.617572546005249,231.2316436767578,8.177474975585938,2.6166434288024902,1.0,20.0
0.23864635825157166,0.11591101437807083,228.73170471191406,8.852745056152344,5.1513261795043945,5.0,13.0
5.590112209320068,0.684429943561554,209.10696411132812,16.039989471435547,2.6090269088745117,5.0,50.0
5.507565498352051,0.5202562808990479,195.78916931152344,16.486974716186523,2.201964855194092,4.0,18.0
0.0643523633480072,0.2954840064048767,240.17095947265625,5.450774192810059,3.8598504066467285,3.0,22.0
0.15696248412132263,0.24578741192817688,230.2507781982422,4.61823844909668,4.688544273376465,5.0,11.0
5.0718302726745605,0.4641328454017639,212.4577178955078,16.71369743347168,3.421004056930542,5.0,26.0
3.2174105644226074,0.19454438984394073,229.44056701660156,10.526937484741211,3.8165321350097656,2.0,30.0
0.3667825162410736,0.13802389800548553,229.943115234375,5.330117702484131,6.422430992126465,5.0,8.0
5.391015529632568,0.8216286301612854,203.8126678466797,18.5333309173584,2.1738409996032715,5.0,36.0
2.8697288036346436,0.5689153671264648,204.85804748535156,6.539543151855469,2.972503662109375,2.0,35.0
3.3149712085723877,0.5370587706565857,233.5711212158203,10.435441017150879,2.491293430328369,2.0,27.0
2.5417683124542236,0.13727565109729767,213.26719665527344,11.909817695617676,5.172708034515381,4.0,21.0
3.03383207321167,0.2957388460636139,235.633544921875,8.174368858337402,5.51181173324585,2.0,63.0
2.636723518371582,0.8354228138923645,209.52540588378906,6.800447940826416,2.0731465816497803,2.0,24.0
1.8858150243759155,0.42472049593925476,222.0070343017578,11.178942680358887,4.039148807525635,5.0,22.0
2.7700746059417725,0.1014145016670227,219.5839080810547,12.182851791381836,5.2143354415893555,6.0,27.0
0.24183139204978943,0.16648027300834656,243.80470275878906,2.879073143005371,5.031662940979004,2.0,19.0
2.0295889377593994,0.5177218317985535,241.18714904785156,5.148952960968018,3.2191264629364014,2.0,29.0
3.821444034576416,0.3314577341079712,228.39671325683594,5.593313694000244,2.8414549827575684,1.0,43.0
4.4939374923706055,0.9986757636070251,186.05929565429688,12.212794303894043,2.680706739425659,4.0,31.0
2.5184683799743652,0.18264329433441162,215.44921875,12.534483909606934,3.950510025024414,5.0,34.0
0.24167309701442719,0.15488213300704956,241.71231079101562,4.715333938598633,5.83203125,3.0,17.0
1.2587355375289917,0.14795486629009247,229.17137145996094,8.068553924560547,5.143006801605225,4.0,18.0
3.9272212982177734,0.4249308705329895,224.93087768554688,8.334088325500488,3.4757468700408936,2.0,38.0
0.6604745984077454,0.19391590356826782,236.4013671875,4.887403964996338,5.635782241821289,4.0,18.0
4.268649101257324,0.2315717190504074,226.76678466796875,13.117408752441406,2.3264811038970947,2.0,19.0
4.835020065307617,0.6915674209594727,185.27552795410156,22.339969635009766,4.177639007568359,3.0,45.0
0.8792586922645569,0.16466683149337769,225.033935546875,5.281157493591309,6.8944830894470215,4.0,15.0
0.030683128163218498,0.1323341280221939,221.87632751464844,11.541704177856445,9.591221809387207,3.0,31.0
0.8203108906745911,0.2090710550546646,240.6683807373047,5.6754679679870605,5.426806449890137,6.0,27.0
3.795854091644287,0.15417321026325226,192.26011657714844,14.561561584472656,4.042088985443115,2.0,38.0
3.8397796154022217,0.16669262945652008,208.72769165039062,8.55017375946045,3.158731698989868,1.0,38.0
0.3307872414588928,0.04597418010234833,237.3606719970703,4.762319564819336,7.305981636047363,2.0,15.0
0.3922358453273773,0.04088754206895828,229.52000427246094,8.116101264953613,9.06223201751709,4.0,12.0
6.019142150878906,0.03772110864520073,222.1576690673828,5.901205062866211,25.593101501464844,1.0,36.0
4.450547695159912,0.08144789189100266,197.3451385498047,18.566287994384766,16.775299072265625,2.0,104.0
5.991790294647217,0.02425730973482132,208.58602905273438,10.140227317810059,44.8301887512207,2.0,64.0
3.6601665019989014,0.2094447761774063,186.2638397216797,12.135787963867188,4.230027198791504,4.0,20.0
5.98906135559082,0.019086739048361778,209.30299377441406,12.505623817443848,47.031455993652344,3.0,26.0
5.994143486022949,0.02394072338938713,213.31117248535156,8.593692779541016,46.222530364990234,3.0,42.0
6.182257652282715,0.07002028077840805,214.92852783203125,11.547625541687012,17.089263916015625,2.0,36.0
6.032758712768555,0.027133679017424583,217.7697296142578,7.5810723304748535,21.424476623535156,4.0,30.0
4.438668727874756,0.11480321735143661,222.54452514648438,17.976547241210938,13.483480453491211,1.0,73.0
6.2186055183410645,0.06658552587032318,208.6888427734375,9.7379732131958,18.53558349609375,2.0,27.0
0.6867867112159729,0.12951147556304932,248.8933563232422,2.950105905532837,3.719181776046753,3.0,9.0
6.029678821563721,0.01991804502904415,205.45335388183594,11.869077682495117,28.94280433654785,4.0,23.0
6.191856384277344,0.09592210501432419,218.56430053710938,10.089444160461426,17.387086868286133,2.0,43.0
6.034690856933594,0.023212624713778496,223.07369995117188,3.7769861221313477,17.601490020751953,2.0,14.0
6.063314914703369,0.032696619629859924,217.1458282470703,7.695372104644775,19.059167861938477,3.0,17.0
4.335719585418701,0.023838428780436516,233.6194610595703,8.242183685302734,18.067733764648438,1.0,51.0
2.658728837966919,0.14526839554309845,187.93197631835938,20.183048248291016,3.343151569366455,5.0,25.0
0.7487772107124329,0.07241640239953995,243.64967346191406,5.401822566986084,6.18361234664917,5.0,13.0
2.7731401920318604,0.04998626559972763,221.93865966796875,6.906179428100586,55.915504455566406,1.0,51.0
6.112555027008057,0.0772472694516182,213.36422729492188,9.636762619018555,12.409249305725098,4.0,16.0
0.6229673027992249,0.14469601213932037,248.10377502441406,5.477938652038574,7.5635600090026855,4.0,20.0
2.760148763656616,0.052262064069509506,185.6481170654297,17.781112670898438,58.885650634765625,3.0,45.0
2.6061880588531494,0.333969384431839,200.9378204345703,16.130571365356445,4.802402019500732,4.0,53.0
6.054717063903809,0.07679532468318939,216.44873046875,7.298062801361084,14.72319507598877,4.0,18.0
0.6073318123817444,0.012275200337171555,236.8545684814453,5.680627822875977,5.536983966827393,4.0,17.0
6.000423908233643,0.020944932475686073,220.1329345703125,4.894990921020508,31.236400604248047,3.0,21.0
6.079054832458496,0.043847545981407166,205.5111846923828,12.609210014343262,20.144758224487305,4.0,41.0
4.502502918243408,0.06716307997703552,180.675048828125,4.138944149017334,18.193479537963867,2.0,28.0
6.021723747253418,0.06689275056123734,219.6536865234375,5.638178825378418,27.032548904418945,3.0,17.0
0.004469720646739006,0.07506202906370163,212.6433563232422,11.185579299926758,18.605974197387695,2.0,28.0
2.6201112270355225,0.13182689249515533,196.75746154785156,19.994237899780273,3.545135498046875,4.0,25.0
0.7323161959648132,0.03265192732214928,245.45977783203125,3.5827276706695557,8.75444507598877,4.0,10.0
0.591449499130249,0.11418997496366501,250.79774475097656,2.5155763626098633,7.183450222015381,3.0,17.0
5.960554122924805,0.10204727947711945,214.93075561523438,10.050458908081055,25.814834594726562,3.0,19.0
0.6158507466316223,0.03853556886315346,238.33995056152344,7.06913423538208,6.64190673828125,3.0,22.0
3.9674899578094482,0.21269455552101135,202.0564422607422,18.360645294189453,3.2635622024536133,5.0,53.0
4.304660320281982,0.1848052591085434,235.8590850830078,8.548803329467773,7.655359745025635,1.0,40.0
6.0525431632995605,0.10199352353811264,211.185546875,9.21021842956543,20.75828742980957,3.0,19.0
5.985847473144531,0.018631625920534134,219.1312255859375,7.701207160949707,38.47922897338867,3.0,35.0
0.714036762714386,0.0407707542181015,241.0029296875,3.460716962814331,8.429865837097168,3.0,13.0
0.5396726727485657,0.2145572453737259,248.38124084472656,2.139655351638794,2.889392852783203,4.0,9.0
6.214022636413574,0.0749921128153801,211.82652282714844,11.075733184814453,18.626401901245117,3.0,65.0
0.7715473771095276,0.03677377104759216,256.4560241699219,2.1176342964172363,6.199760913848877,5.0,11.0
0.5883615612983704,0.07979179173707962,234.8958282470703,4.478682041168213,9.932355880737305,3.0,12.0
0.5181309580802917,0.06383145600557327,227.8900146484375,8.672874450683594,11.234081268310547,4.0,24.0
2.8089773654937744,0.039692189544439316,216.40658569335938,8.166719436645508,50.6622428894043,1.0,95.0
2.5608723163604736,0.14894579350948334,193.6761016845703,18.74510383605957,4.338135719299316,4.0,29.0
0.010723201557993889,0.06729075312614441,224.11656188964844,2.770519971847534,13.647884368896484,1.0,31.0
5.975717544555664,0.02235453762114048,217.8140106201172,6.865049839019775,37.29466247558594,3.0,20.0
6.005118370056152,0.046538095921278,207.11227416992188,10.362191200256348,24.660844802856445,3.0,35.0
0.6945264935493469,0.070298932492733,228.6427764892578,6.639430046081543,8.750446319580078,3.0,17.0
3.951533555984497,0.26204466819763184,198.36891174316406,18.310579299926758,4.46730375289917,5.0,68.0
2.7806785106658936,0.01525439415127039,199.33987426757812,10.577651977539062,82.30860137939453,2.0,31.0
4.547713756561279,0.10759928822517395,184.85472106933594,17.388147354125977,9.614847183227539,2.0,60.0
5.9942097663879395,0.02235453762114048,215.7522735595703,7.133492946624756,45.575050354003906,3.0,18.0
0.5798734426498413,0.08110284060239792,255.01516723632812,0.9682458639144897,6.289660453796387,4.0,9.0
0.8750627636909485,0.1376710683107376,252.89466857910156,5.999674320220947,4.514581203460693,2.0,24.0
2.676470994949341,0.09311972558498383,194.46302795410156,20.753482818603516,8.085073471069336,3.0,23.0
NaN,NaN,257.7938232421875,3.3564302921295166,4.151110649108887,7.0,22.0
0.9505265355110168,0.22343015670776367,238.48667907714844,4.866178035736084,6.610831260681152,3.0,15.0
2.817857027053833,0.026240291073918343,203.97425842285156,11.20250415802002,71.90999603271484,3.0,33.0
2.8886537551879883,0.09767089784145355,190.17410278320312,20.801048278808594,19.95633316040039,3.0,24.0
4.919742107391357,0.3384292721748352,193.72543334960938,7.134040355682373,5.413204193115234,2.0,36.0
0.2491048276424408,0.14338518679141998,253.42967224121094,5.787580966949463,7.266460418701172,4.0,10.0
4.539482593536377,0.28438159823417664,231.1733856201172,5.676156044006348,3.249178409576416,1.0,31.0
0.5874913334846497,0.0390625,249.7342529296875,1.5116733312606812,5.953680992126465,3.0,12.0
5.967528820037842,0.02286074124276638,203.21739196777344,12.125322341918945,23.11372947692871,3.0,30.0
0.7775140404701233,0.1658201962709427,260.867431640625,1.0532686710357666,4.161825656890869,5.0,15.0
0.6280470490455627,0.10707744210958481,260.9708251953125,0.7856128215789795,6.218924045562744,5.0,10.0
0.36898335814476013,0.09602147340774536,218.3690948486328,8.162174224853516,12.287755012512207,3.0,23.0
4.828648090362549,0.16826939582824707,171.7028350830078,5.816195011138916,4.639758586883545,2.0,13.0
6.098973751068115,0.07429580390453339,212.15087890625,8.835077285766602,21.6176815032959,3.0,36.0
5.996222019195557,0.020944932475686073,207.6374053955078,12.070917129516602,38.93387222290039,4.0,37.0
4.052294731140137,0.11450064927339554,200.47323608398438,17.262449264526367,7.289763927459717,3.0,58.0
1.1802877187728882,0.31470170617103577,255.75904846191406,4.486960411071777,3.75719952583313,4.0,11.0
0.9809579849243164,0.24455031752586365,222.9489288330078,7.993161201477051,6.252148151397705,3.0,21.0
2.8980607986450195,0.05520818009972572,205.50608825683594,17.295230865478516,24.82585334777832,5.0,36.0
2.0742595195770264,0.4580817222595215,207.2784423828125,6.535958290100098,7.837509632110596,3.0,45.0
2.5199527740478516,0.19480891525745392,229.371337890625,6.612015724182129,10.014606475830078,1.0,46.0
0.3146837651729584,0.11763423681259155,205.7906494140625,13.817730903625488,10.537727355957031,4.0,19.0
5.864326000213623,0.29444289207458496,228.6025390625,5.179210186004639,13.638713836669922,2.0,37.0
2.5587825775146484,0.1937621533870697,216.0435333251953,16.401933670043945,7.214381217956543,2.0,63.0
5.952846527099609,0.01883525587618351,211.0502471923828,11.87434196472168,38.94847869873047,3.0,40.0
0.33021315932273865,0.12371547520160675,250.55679321289062,1.3139872550964355,4.326446533203125,4.0,14.0
0.8367095589637756,1.1653586626052856,231.50743103027344,3.576725959777832,4.893531322479248,5.0,23.0
5.985459327697754,0.012000201269984245,204.1512908935547,10.883438110351562,44.143070220947266,3.0,14.0
5.997112274169922,0.031004898250102997,221.9919891357422,6.835111618041992,26.824277877807617,1.0,45.0
6.113674163818359,0.34154146909713745,225.49269104003906,4.910130023956299,10.253851890563965,1.0,20.0
6.0804290771484375,0.1282944530248642,229.6266632080078,9.270879745483398,21.22356414794922,2.0,93.0
2.581885814666748,0.07369974255561829,248.0144805908203,2.4550650119781494,9.735806465148926,1.0,30.0
4.240729808807373,0.8655715584754944,238.96348571777344,8.6577730178833,1.6971062421798706,4.0,25.0
2.684995651245117,0.4294227361679077,241.04751586914062,6.567854881286621,1.9033737182617188,1.0,21.0
2.9073851108551025,0.051080845296382904,178.85423278808594,13.397323608398438,14.659102439880371,3.0,11.0
5.9672417640686035,0.01809936761856079,205.2591094970703,7.682925701141357,66.86823272705078,2.0,23.0
5.972313404083252,0.031035641208291054,208.73521423339844,4.456386089324951,52.27861785888672,1.0,40.0
6.08825159072876,0.07156277447938919,209.6730499267578,7.861098766326904,34.107887268066406,3.0,29.0
6.26704216003418,0.09022507071495056,236.54763793945312,4.213074684143066,13.352502822875977,1.0,26.0
5.950700759887695,0.029150022193789482,212.43638610839844,12.056831359863281,53.69698715209961,3.0,51.0
5.558006763458252,0.670404314994812,178.2583465576172,10.895186424255371,14.576483726501465,2.0,43.0
6.179157733917236,0.017793815582990646,216.01519775390625,3.583817720413208,29.294919967651367,3.0,11.0
1.8239264488220215,0.9692208170890808,213.6612091064453,8.410372734069824,2.9302756786346436,3.0,34.0
2.3279621601104736,0.2975512444972992,228.1414337158203,3.9656729698181152,3.9119865894317627,3.0,32.0
2.1615588665008545,0.8224755525588989,233.7642822265625,6.423832416534424,2.1143581867218018,3.0,67.0
5.961306571960449,0.021103695034980774,215.72218322753906,5.032317638397217,66.9434585571289,1.0,30.0
6.244034767150879,0.2142035961151123,237.4408721923828,5.886624336242676,13.077217102050781,3.0,23.0
1.071853518486023,0.4080824851989746,219.3648681640625,4.052391052246094,2.2531261444091797,3.0,21.0
2.7115821838378906,0.4345352053642273,228.945068359375,9.588200569152832,2.7465124130249023,6.0,25.0
2.8284718990325928,0.030742336064577103,210.6275634765625,9.775008201599121,56.06327438354492,2.0,39.0
5.936766624450684,0.14838609099388123,212.3230743408203,11.215224266052246,42.630836486816406,3.0,44.0
4.960187911987305,0.8034409284591675,192.1653289794922,10.399068832397461,16.06843376159668,1.0,96.0
6.0963029861450195,0.04458090662956238,219.54727172851562,6.692754745483398,31.302997589111328,2.0,17.0
6.228695392608643,0.06020727753639221,208.4464569091797,4.036938667297363,22.909513473510742,3.0,10.0
5.281155586242676,0.7831294536590576,232.44874572753906,11.947803497314453,4.443532943725586,3.0,35.0
2.890399217605591,1.1974468231201172,223.69680786132812,6.313737392425537,1.7441675662994385,2.0,42.0
5.9801836013793945,0.015927253291010857,210.86756896972656,9.891797065734863,64.0750961303711,3.0,37.0
2.3965113162994385,0.6576175093650818,231.73031616210938,13.816034317016602,4.379093647003174,1.0,69.0
5.985247611999512,0.038915738463401794,221.95623779296875,6.7829060554504395,28.888246536254883,2.0,21.0
4.1840667724609375,0.03511214256286621,196.82485961914062,12.373106002807617,12.753870010375977,2.0,49.0
6.143172740936279,0.03955982252955437,220.6078643798828,10.456942558288574,29.8138370513916,3.0,42.0
6.167908191680908,0.11036020517349243,225.24566650390625,6.922844886779785,20.440969467163086,2.0,34.0
2.448201894760132,0.1255234181880951,254.7413330078125,1.5039011240005493,5.514338493347168,3.0,10.0
2.728337526321411,0.24168787896633148,240.56817626953125,4.026280879974365,3.7457668781280518,1.0,48.0
5.941737174987793,0.014986337162554264,210.6583251953125,9.892191886901855,72.9312973022461,3.0,21.0
2.804724931716919,0.21174073219299316,246.8955535888672,4.681245803833008,4.9211859703063965,1.0,25.0
3.207803249359131,1.0826934576034546,232.79776000976562,3.3951942920684814,2.80973744392395,3.0,32.0
6.171794414520264,0.31804168224334717,215.8555145263672,10.481941223144531,5.744534015655518,4.0,20.0
2.78244686126709,1.2176268100738525,239.28939819335938,8.453688621520996,1.6581470966339111,2.0,28.0
4.136651515960693,0.05888599157333374,195.8944549560547,11.48691463470459,12.282861709594727,1.0,55.0
2.8442795276641846,0.024472586810588837,205.0981903076172,11.887986183166504,29.218278884887695,4.0,21.0
4.115184307098389,0.22463485598564148,227.5978546142578,7.832723617553711,11.448633193969727,1.0,34.0
3.3164801597595215,0.424177885055542,224.9979705810547,4.277484893798828,3.5312094688415527,3.0,30.0
3.3316962718963623,0.38432419300079346,226.98699951171875,5.304405689239502,2.661181688308716,3.0,40.0
3.190908908843994,0.7261528372764587,231.03411865234375,3.9587719440460205,2.071138620376587,1.0,45.0
3.6928179264068604,0.26257002353668213,228.4073944091797,3.1105918884277344,2.2789371013641357,3.0,29.0
3.053011417388916,0.3842112720012665,226.97119140625,4.970223903656006,2.7550840377807617,3.0,41.0
2.8902499675750732,0.058983080089092255,211.60894775390625,2.0425169467926025,4.306874752044678,2.0,15.0
4.682638168334961,0.4844399690628052,195.35757446289062,8.658449172973633,8.861674308776855,3.0,27.0
4.04149866104126,0.285360187292099,218.6041259765625,9.508014678955078,5.473450183868408,1.0,86.0
3.864891290664673,0.7606958150863647,218.37271118164062,9.89870548248291,4.471185684204102,1.0,69.0
3.3264522552490234,0.44829538464546204,222.58912658691406,8.1681547164917,13.580402374267578,1.0,26.0
4.221970558166504,0.054807260632514954,172.73072814941406,8.210249900817871,13.012507438659668,2.0,32.0
4.240281105041504,0.04345428943634033,176.9282989501953,4.507805824279785,14.96107006072998,1.0,31.0
4.154144287109375,0.09253928065299988,185.21212768554688,4.729809284210205,9.715633392333984,1.0,49.0
4.190329074859619,0.4921002984046936,213.9603271484375,15.251792907714844,5.166733741760254,1.0,23.0
4.042396068572998,0.14620885252952576,174.75172424316406,6.0848493576049805,18.894922256469727,2.0,29.0
4.213059425354004,0.06456215679645538,172.6900634765625,3.0656871795654297,14.488476753234863,2.0,24.0
4.058205604553223,0.26286283135414124,207.1656951904297,15.7036771774292,8.61922550201416,1.0,33.0
4.227175712585449,0.07117609679698944,170.4230499267578,5.596281051635742,18.406675338745117,2.0,21.0
4.184697151184082,0.09493712335824966,216.8687744140625,10.31628704071045,9.437411308288574,1.0,31.0
4.098461151123047,0.19631578028202057,180.74874877929688,19.21354103088379,18.121719360351562,4.0,46.0
4.191267967224121,0.059391941875219345,170.16397094726562,9.751301765441895,13.957467079162598,2.0,31.0
4.2643351554870605,0.005930155050009489,194.70396423339844,6.423528671264648,18.55027961730957,1.0,47.0
4.338124752044678,0.1521056890487671,204.29437255859375,10.39963150024414,9.815947532653809,1.0,42.0
4.252535820007324,0.09614057838916779,204.602783203125,8.898955345153809,24.422061920166016,1.0,39.0
4.270914077758789,0.020716018974781036,222.37152099609375,4.998046398162842,18.812047958374023,1.0,80.0
4.289463520050049,0.05736006051301956,186.99005126953125,19.064037322998047,14.721881866455078,3.0,50.0
4.092989921569824,0.4006454050540924,215.8181610107422,12.539780616760254,9.128567695617676,1.0,54.0
4.222833633422852,0.11585598438978195,203.26222229003906,13.6053466796875,9.014392852783203,1.0,34.0
2.8975961208343506,0.23527657985687256,204.41220092773438,11.014727592468262,41.49410629272461,3.0,27.0
4.259738922119141,0.0530116930603981,223.81170654296875,12.143028259277344,9.038766860961914,1.0,31.0
4.231958389282227,0.05405716598033905,179.6278076171875,20.962018966674805,18.659528732299805,2.0,42.0
3.394965887069702,0.43342655897140503,210.1556396484375,13.435029029846191,22.728607177734375,3.0,73.0
4.279793739318848,0.04987166076898575,176.853271484375,21.065189361572266,22.82932472229004,2.0,46.0
4.184069633483887,0.10396607220172882,172.7595977783203,25.099956512451172,21.507572174072266,4.0,48.0
5.973263263702393,0.013982247561216354,221.6516876220703,7.758815765380859,45.03871154785156,3.0,27.0
4.284509658813477,0.017554372549057007,210.43605041503906,15.31275463104248,24.973560333251953,1.0,24.0
5.954901695251465,0.04742616415023804,208.83509826660156,9.95909595489502,37.05324172973633,3.0,32.0
4.235724449157715,0.13645341992378235,221.53375244140625,7.913595676422119,11.534900665283203,1.0,35.0
2.9864373207092285,0.13851016759872437,207.6519775390625,14.504444122314453,8.753396987915039,4.0,40.0
5.988363742828369,0.02400040253996849,218.54112243652344,8.111045837402344,34.85115432739258,1.0,50.0
4.06103515625,0.2019352912902832,208.7805938720703,19.24695587158203,11.718478202819824,1.0,35.0
4.077463150024414,0.04605400934815407,216.90802001953125,11.320094108581543,8.669598579406738,1.0,48.0
4.266889572143555,0.15846212208271027,231.30313110351562,9.572094917297363,6.5089826583862305,1.0,30.0
5.984030723571777,0.018321936950087547,215.66506958007812,2.565546989440918,43.0643310546875,3.0,26.0
4.3692522048950195,0.014854507520794868,182.84361267089844,6.493686676025391,18.612648010253906,2.0,32.0
4.284191131591797,0.07603403180837631,185.47381591796875,3.2584025859832764,13.492345809936523,3.0,19.0
2.7049248218536377,0.1985570341348648,209.9651641845703,18.400279998779297,4.947072505950928,3.0,24.0
2.7541115283966064,0.0703396201133728,216.1540069580078,7.321308612823486,17.93062400817871,2.0,54.0
2.9549107551574707,0.11320124566555023,197.42771911621094,18.14664649963379,6.4834136962890625,4.0,20.0
4.316165924072266,0.04671195521950722,220.37744140625,5.182602882385254,21.3147029876709,1.0,78.0
5.97802734375,0.031066354364156723,219.42880249023438,5.014432430267334,38.73676681518555,1.0,44.0
0.06956061720848083,0.2022993415594101,199.08612060546875,15.893813133239746,9.928072929382324,4.0,25.0
3.0587363243103027,0.06851266324520111,193.3658447265625,19.852384567260742,3.734189987182617,4.0,17.0
5.989879608154297,0.021792884916067123,218.72042846679688,6.256558895111084,66.1535415649414,3.0,44.0
2.67069149017334,0.30402401089668274,205.29977416992188,16.217395782470703,4.149397850036621,4.0,25.0
4.115657329559326,0.07108140736818314,203.7977752685547,14.516424179077148,11.741647720336914,3.0,42.0
2.473022222518921,0.63404780626297,194.5194854736328,16.995519638061523,2.72694993019104,4.0,19.0
3.0360827445983887,0.06306204944849014,200.87152099609375,16.57511329650879,5.553351879119873,5.0,23.0
5.990893840789795,0.058169033378362656,212.93896484375,9.81050968170166,28.527084350585938,3.0,69.0
5.9977898597717285,0.021306078881025314,220.25384521484375,6.204207420349121,75.67503356933594,2.0,23.0
0.026233522221446037,0.32252296805381775,197.48190307617188,16.9034481048584,7.729210376739502,5.0,31.0
3.1495754718780518,0.31833240389823914,206.26071166992188,16.403839111328125,1.8153914213180542,5.0,18.0
3.917184352874756,0.0606781542301178,201.2010955810547,16.244831085205078,6.034722805023193,3.0,23.0
4.323754787445068,0.08829320967197418,207.85044860839844,11.037047386169434,12.725540161132812,1.0,54.0
3.680795669555664,0.18171550333499908,200.28451538085938,17.63330841064453,5.166969299316406,3.0,37.0
4.316336631774902,0.11291021853685379,191.81317138671875,22.32186508178711,7.422192096710205,4.0,52.0
6.03779935836792,0.10006311535835266,208.05824279785156,13.194014549255371,25.31903076171875,4.0,28.0
6.046628475189209,0.0398360900580883,204.37506103515625,14.15745735168457,26.424514770507812,4.0,29.0
2.8829758167266846,0.06768641620874405,200.50917053222656,17.091550827026367,11.904329299926758,4.0,25.0
2.7715914249420166,0.052734375,207.28826904296875,11.55066967010498,26.60483169555664,3.0,39.0
2.6001694202423096,0.1675480753183365,202.20896911621094,16.86678123474121,3.3539862632751465,5.0,28.0
4.308835029602051,0.06736954301595688,176.3661651611328,6.753615856170654,19.596866607666016,3.0,73.0
4.317394256591797,0.341449499130249,189.6420135498047,23.635414123535156,4.104949951171875,5.0,30.0
6.038621425628662,0.05196927487850189,213.63380432128906,9.038762092590332,30.952327728271484,3.0,30.0
2.8115835189819336,0.07844477891921997,198.75186157226562,10.840642929077148,21.989639282226562,4.0,23.0
2.386908769607544,0.2215140014886856,203.69947814941406,14.16297435760498,2.357023239135742,4.0,13.0
5.9542951583862305,0.024916701018810272,223.87831115722656,4.810876369476318,42.00284194946289,2.0,35.0
2.8129684925079346,0.06703516840934753,215.9842529296875,9.960664749145508,19.677230834960938,3.0,27.0
4.167168617248535,0.18266548216342926,184.43544006347656,22.047622680664062,6.105167865753174,5.0,23.0
2.811476945877075,0.5441793203353882,212.21380615234375,10.101825714111328,2.890713691711426,5.0,20.0
5.964325428009033,0.01735975407063961,217.69137573242188,7.6365180015563965,33.09209442138672,2.0,27.0
5.986151218414307,0.012429611757397652,223.7500762939453,3.1591880321502686,47.69229507446289,3.0,19.0
4.167062759399414,0.7513111233711243,202.46104431152344,16.49869728088379,2.8892641067504883,4.0,52.0
2.8122787475585938,0.12384260445833206,213.98878479003906,12.081914901733398,13.923437118530273,5.0,24.0
3.9467902183532715,0.22623182833194733,188.8314666748047,26.365890502929688,3.587620973587036,4.0,22.0
3.3534746170043945,0.06021077185869217,221.6825714111328,7.221928596496582,3.1115550994873047,2.0,16.0
2.7768049240112305,0.021384265273809433,204.1205291748047,9.699790954589844,36.64033508300781,3.0,37.0
5.94948148727417,0.01735975407063961,217.52444458007812,7.079625129699707,33.63359069824219,3.0,20.0
2.771743059158325,0.015987016260623932,221.70631408691406,3.906125068664551,28.99219512939453,1.0,36.0
5.952840328216553,0.0358346551656723,218.7028045654297,6.133285045623779,39.12909698486328,3.0,25.0
3.074211835861206,0.11104507744312286,213.27467346191406,8.994572639465332,3.828460931777954,5.0,18.0
3.5831005573272705,0.4499679207801819,187.42909240722656,11.004082679748535,3.6181387901306152,3.0,15.0
6.010421276092529,0.09469635784626007,214.7793731689453,9.591459274291992,19.869686126708984,4.0,34.0
3.8928637504577637,0.18566939234733582,192.81187438964844,25.394697189331055,2.3065531253814697,5.0,29.0
3.0473225116729736,0.10722193866968155,214.36529541015625,8.573441505432129,4.710041046142578,3.0,17.0
3.256821632385254,0.06232427805662155,208.84947204589844,13.104448318481445,2.7613987922668457,4.0,30.0
2.908679485321045,0.1129482239484787,219.26719665527344,6.903916358947754,6.528602600097656,3.0,25.0
0.07956060767173767,0.3354019522666931,214.77191162109375,9.447221755981445,7.5157341957092285,5.0,38.0
2.8401334285736084,0.07407083362340927,211.67684936523438,8.99174976348877,14.059589385986328,4.0,15.0
3.59036922454834,0.47393444180488586,201.30380249023438,16.109851837158203,3.639340400695801,6.0,32.0
4.052148818969727,0.06077483668923378,181.5706787109375,22.660106658935547,3.868018388748169,3.0,16.0
2.812960386276245,0.021836601197719574,223.3445587158203,6.414095878601074,17.89766502380371,3.0,20.0
2.8379011154174805,0.04025286063551903,219.47341918945312,8.098273277282715,15.137174606323242,3.0,27.0
3.0049729347229004,0.1555066555738449,215.97793579101562,8.835298538208008,5.284433364868164,4.0,27.0
5.998322010040283,0.05237143486738205,221.49673461914062,10.649053573608398,32.53409194946289,3.0,28.0
2.825810670852661,0.02166120335459709,221.96566772460938,4.802343368530273,18.413423538208008,4.0,10.0
6.206366062164307,0.1565670669078827,218.00592041015625,7.015885829925537,7.955214023590088,4.0,21.0
3.8807177543640137,0.17188332974910736,215.76077270507812,12.09451675415039,1.9889744520187378,2.0,36.0
3.8892524242401123,0.1260673701763153,170.50193786621094,9.662973403930664,1.5184460878372192,3.0,15.0
5.962543964385986,0.0369548574090004,219.21096801757812,6.055408000946045,42.983524322509766,3.0,28.0
0.13856777548789978,0.08032189309597015,212.99298095703125,12.605802536010742,10.479545593261719,3.0,17.0
3.4530763626098633,0.21750833094120026,224.58998107910156,5.905506134033203,3.269416570663452,1.0,32.0
3.7856948375701904,0.13858146965503693,215.7194366455078,12.150585174560547,1.6808489561080933,2.0,33.0
3.407233953475952,0.02715124748647213,213.6066436767578,8.897199630737305,3.819340229034424,4.0,13.0
6.080648422241211,0.10690572112798691,214.5382843017578,9.414915084838867,14.101359367370605,4.0,17.0
6.2172136306762695,0.09608601033687592,209.42437744140625,12.094032287597656,11.820320129394531,3.0,29.0
6.003125190734863,0.028032617643475533,225.70806884765625,3.0058536529541016,25.071168899536133,3.0,15.0
5.990619659423828,0.03437444567680359,218.87957763671875,5.181095600128174,31.754188537597656,3.0,13.0
6.065812587738037,0.05977807193994522,214.6468048095703,8.502986907958984,18.617563247680664,3.0,25.0
5.994643211364746,0.028969524428248405,223.9770050048828,5.194272518157959,37.800655364990234,2.0,14.0
6.012327194213867,0.031914327293634415,222.16905212402344,5.443603038787842,32.37551498413086,2.0,35.0
3.592360734939575,0.30547213554382324,212.30760192871094,9.473648071289062,3.400651216506958,4.0,23.0
3.7002921104431152,0.1922166794538498,193.31182861328125,13.155322074890137,1.5046868324279785,4.0,32.0
3.4586267471313477,0.0240890234708786,214.33738708496094,9.477563858032227,3.945216178894043,5.0,12.0
3.466144561767578,0.22081544995307922,204.8546600341797,15.873031616210938,1.651065468788147,5.0,18.0
2.9322736263275146,0.7927756905555725,213.9525146484375,10.94785213470459,3.8769311904907227,4.0,19.0
3.9459800720214844,0.9497992992401123,220.16140747070312,8.975878715515137,2.1106133460998535,2.0,23.0
3.6329052448272705,0.9592031240463257,214.79058837890625,11.050487518310547,2.939906597137451,4.0,34.0
3.9008805751800537,0.9333495497703552,199.21812438964844,13.99190616607666,1.5751776695251465,5.0,23.0
4.127516746520996,0.4015299081802368,209.97842407226562,12.577105522155762,3.515608787536621,6.0,22.0
4.066431999206543,0.16466502845287323,215.26510620117188,7.533259391784668,1.4358233213424683,4.0,24.0
3.9649603366851807,0.028370779007673264,212.98828125,9.478800773620605,3.8517019748687744,5.0,15.0
3.8444557189941406,0.005777421873062849,216.50022888183594,9.179418563842773,1.238821029663086,4.0,15.0
4.011754035949707,0.020484548062086105,216.17662048339844,8.828885078430176,3.5676867961883545,3.0,16.0
3.8454678058624268,0.007052664645016193,215.67250061035156,8.535083770751953,1.593468189239502,4.0,20.0
4.089885234832764,0.10412762314081192,207.4647674560547,13.191054344177246,3.0787105560302734,2.0,27.0
3.8089468479156494,0.1488478183746338,218.01832580566406,11.053315162658691,1.9660260677337646,3.0,35.0
4.319530487060547,0.12874338030815125,215.11846923828125,9.599397659301758,4.790301322937012,3.0,40.0
4.247485160827637,0.06259148567914963,213.13255310058594,6.251874923706055,1.5315021276474,2.0,21.0
3.8355956077575684,0.2240193486213684,207.3029022216797,9.443706512451172,2.1952173709869385,2.0,19.0
4.337627410888672,0.1158791333436966,200.01068115234375,4.956057071685791,3.702493190765381,2.0,22.0
4.389529705047607,0.16096404194831848,223.16221618652344,6.1042375564575195,4.716803550720215,1.0,42.0
0.6227020025253296,0.49640658497810364,186.0691680908203,26.35551643371582,1.529345989227295,1.0,41.0
0.8730782866477966,0.5206562876701355,200.8150634765625,17.074628829956055,1.0121639966964722,2.0,15.0
0.4760933816432953,0.14097043871879578,156.50904846191406,38.72663116455078,2.599400043487549,5.0,21.0
0.5857616066932678,0.40799981355667114,138.19204711914062,36.99429702758789,2.6235191822052,4.0,25.0
0.8036051392555237,0.33334270119667053,189.7489776611328,27.103317260742188,1.4731242656707764,2.0,13.0
1.0790647268295288,0.015316784381866455,203.13812255859375,20.07135772705078,0.7297631502151489,3.0,23.0
0.5440149903297424,0.35257288813591003,169.20730590820312,41.11851501464844,1.9904950857162476,2.0,30.0
1.0576783418655396,0.0055134715512394905,137.02101135253906,26.39635467529297,1.691097378730774,4.0,24.0
1.0525085926055908,0.005236233118921518,81.1948471069336,33.018924713134766,2.5146336555480957,3.0,21.0
0.5378833413124084,0.3004719614982605,141.87796020507812,32.64391326904297,2.4345502853393555,4.0,31.0
0.7476603984832764,0.3377002477645874,115.9100341796875,48.2744140625,2.799269676208496,5.0,34.0
0.7038055062294006,0.7618708610534668,103.0966567993164,58.67096710205078,4.392848491668701,5.0,70.0
1.0629081726074219,0.015077536925673485,136.98764038085938,47.46915054321289,1.6933690309524536,6.0,35.0
0.8302143216133118,0.404348760843277,123.50764465332031,49.351558685302734,3.592895746231079,4.0,46.0
0.39915308356285095,0.8012562990188599,119.1541748046875,58.63388442993164,2.6374738216400146,6.0,71.0
1.0763777494430542,0.02112627774477005,181.54705810546875,38.97941207885742,1.047852873802185,3.0,12.0
0.758416473865509,0.872016191482544,193.8144989013672,26.324447631835938,1.2334551811218262,2.0,23.0
0.32104572653770447,1.3151744604110718,140.03919982910156,32.15647888183594,2.236008405685425,5.0,27.0
0.27502140402793884,0.5983898043632507,200.94895935058594,20.810810089111328,1.2940647602081299,2.0,20.0
1.084539771080017,0.022177862003445625,194.22427368164062,26.147045135498047,0.8558427691459656,2.0,17.0
0.826970636844635,0.7950202226638794,52.8023681640625,19.7442569732666,1.6760801076889038,4.0,14.0
0.5704482197761536,0.19625018537044525,82.88792419433594,42.863346099853516,4.00801420211792,3.0,40.0
1.2212016582489014,0.39169636368751526,120.60240173339844,53.432456970214844,2.8026325702667236,4.0,35.0
0.7574756741523743,0.13115419447422028,151.10755920410156,39.74351501464844,7.988075256347656,1.0,31.0
3.6212823390960693,1.0900895595550537,211.6438446044922,15.81546401977539,1.5789337158203125,1.0,33.0
0.3757093846797943,0.4473903477191925,194.417236328125,25.81681251525879,1.5462864637374878,2.0,17.0
5.0227227210998535,1.3810662031173706,95.45254516601562,42.960147857666016,1.1905015707015991,4.0,26.0
2.3884828090667725,1.4943008422851562,197.8098602294922,22.496700286865234,1.3984743356704712,3.0,14.0
5.130497455596924,0.7157463431358337,106.8373794555664,48.96805191040039,1.372397541999817,2.0,53.0
3.833439350128174,0.8493629693984985,155.40170288085938,33.15290832519531,1.2000713348388672,3.0,50.0
5.288520812988281,0.6247443556785583,196.23446655273438,23.46473503112793,2.0262677669525146,2.0,29.0
0.5365317463874817,0.45458853244781494,156.2181854248047,45.71794891357422,2.6038527488708496,4.0,45.0
0.21323832869529724,0.517576277256012,84.76445007324219,21.372121810913086,4.568541526794434,4.0,25.0
2.5835821628570557,1.5992368459701538,162.5701446533203,34.113006591796875,1.4656583070755005,1.0,29.0
0.5603535771369934,0.3083154857158661,194.9637908935547,25.450088500976562,1.9132194519042969,2.0,25.0
4.908016204833984,0.5937949419021606,114.975830078125,43.58839416503906,2.3446640968322754,3.0,48.0
3.7055718898773193,0.8934751749038696,188.55380249023438,28.059019088745117,1.5302376747131348,1.0,19.0
0.7516031861305237,0.2883506417274475,160.41650390625,46.85862350463867,2.5725810527801514,7.0,14.0
5.675650596618652,0.6702403426170349,135.12123107910156,15.676103591918945,2.405773401260376,2.0,25.0
5.499396324157715,0.12746292352676392,162.93252563476562,38.63880157470703,1.7764813899993896,7.0,28.0
0.43421992659568787,0.5076810121536255,108.81272888183594,50.13896560668945,4.810614585876465,5.0,31.0
5.379325866699219,0.6947599053382874,184.3584442138672,26.5674991607666,2.1134707927703857,4.0,33.0
3.171403646469116,1.330879807472229,158.82955932617188,36.9376335144043,1.4719693660736084,6.0,25.0
0.7145617008209229,0.016574613749980927,178.54925537109375,31.343297958374023,1.9903191328048706,6.0,26.0
1.0573021173477173,0.012079411186277866,82.86959075927734,31.85982322692871,2.4809534549713135,4.0,24.0
6.279195785522461,1.0947057008743286,173.53822326660156,35.804264068603516,2.4733471870422363,7.0,37.0
5.947818279266357,1.5365746021270752,179.0228729248047,39.16947937011719,1.2014491558074951,2.0,21.0
0.7927945256233215,0.4579932391643524,196.39834594726562,26.807327270507812,1.5420676469802856,1.0,36.0
0.71514493227005,0.2936190664768219,138.5355224609375,43.297706604003906,2.4438881874084473,1.0,48.0
0.7735880017280579,0.3842311203479767,89.56572723388672,26.039690017700195,2.8409006595611572,3.0,28.0
1.0794728994369507,0.03940281271934509,138.67398071289062,34.9565315246582,1.6689119338989258,5.0,31.0
0.6083059906959534,0.21516311168670654,201.01748657226562,18.260164260864258,1.605587124824524,1.0,22.0
0.660748302936554,0.3318157494068146,116.02252197265625,56.849727630615234,2.6865289211273193,3.0,46.0
5.461160659790039,1.541313886642456,105.86788177490234,50.30046463012695,1.712519645690918,4.0,22.0
5.591939449310303,0.987655758857727,170.92247009277344,36.158504486083984,2.5019776821136475,5.0,45.0
NaN,NaN,250.9510955810547,16.208721160888672,0.0847494825720787,7.0,21.0
0.701487123966217,0.07004071027040482,133.09564208984375,35.38485336303711,2.7428834438323975,5.0,24.0
5.56794548034668,1.0546867847442627,213.10723876953125,15.278789520263672,2.115199089050293,2.0,20.0
0.6578984260559082,0.38105064630508423,96.75468444824219,27.863752365112305,3.392068386077881,4.0,31.0
1.1096221208572388,0.03475554287433624,199.21685791015625,27.12824058532715,0.7892677187919617,3.0,21.0
5.3828444480896,0.7249472141265869,124.41548156738281,47.039825439453125,2.648862361907959,4.0,45.0
0.4805050790309906,0.4565531611442566,88.41901397705078,7.789904594421387,3.13692569732666,3.0,9.0
0.8920767903327942,0.6264296174049377,118.30718231201172,57.66830062866211,1.8513176441192627,5.0,49.0
5.674102783203125,0.9465364217758179,116.04496002197266,49.19160079956055,3.104555368423462,3.0,41.0
0.6794272065162659,0.007338446564972401,90.095947265625,24.736867904663086,3.5331993103027344,1.0,44.0
0.6758621335029602,0.46539631485939026,159.46746826171875,34.120506286621094,2.1572465896606445,4.0,32.0
1.0405325889587402,0.07233405113220215,87.20744323730469,46.49026107788086,2.414478063583374,4.0,20.0
0.615779459476471,0.0307733416557312,204.5492706298828,15.30599308013916,1.3429605960845947,3.0,11.0
0.7086647152900696,0.9691200852394104,100.14437866210938,49.9261474609375,1.7848788499832153,3.0,22.0
0.6369209885597229,0.035129111260175705,166.46243286132812,31.06818962097168,2.1349258422851562,5.0,32.0
1.0549482107162476,0.011091617867350578,155.80593872070312,32.99848937988281,1.4270496368408203,5.0,18.0
0.7800546884536743,0.4845063388347626,206.54373168945312,18.94100570678711,1.218915343284607,3.0,16.0
5.223141670227051,0.23218786716461182,128.8603973388672,46.150230407714844,2.3827879428863525,3.0,26.0
0.9297588467597961,0.22038745880126953,112.41615295410156,50.03355407714844,2.255906820297241,5.0,29.0
0.31279024481773376,0.7227076888084412,166.5323028564453,33.32270050048828,1.9255552291870117,1.0,24.0
0.24813851714134216,0.867992103099823,146.70693969726562,47.75294494628906,2.5845906734466553,6.0,28.0
0.831123411655426,0.7471826672554016,112.25383758544922,45.42778396606445,1.9372241497039795,5.0,24.0
0.43797072768211365,0.6012033224105835,99.3321762084961,29.603086471557617,3.0925631523132324,5.0,29.0
0.7324056625366211,0.026847699657082558,166.54135131835938,22.85894203186035,2.094381809234619,4.0,29.0
0.6727507710456848,0.013425515033304691,145.44725036621094,25.132034301757812,2.3637053966522217,4.0,26.0
0.6459687948226929,0.026388654485344887,196.1611785888672,24.299402236938477,1.3342477083206177,2.0,16.0
0.6683846116065979,0.026021312922239304,166.23974609375,27.039648056030273,1.9430595636367798,3.0,28.0
0.7427554726600647,0.038768425583839417,210.42901611328125,16.391809463500977,1.2129055261611938,4.0,20.0
0.690179169178009,0.002183660166338086,75.96416473388672,10.278518676757812,3.7369179725646973,3.0,34.0
0.6470469236373901,0.02070738561451435,208.56285095214844,18.18416976928711,1.0908353328704834,3.0,18.0
1.070060133934021,0.015065672807395458,164.0463104248047,36.76859664916992,1.2627270221710205,4.0,7.0